[H[2J[3J[H[2J[3J+--------[ debian setup script ]--------+
|                                       |
|            [ components ]             |
|                                       |
|          [1] apt packages             |
|          [2] rust                     |
|          [3] haskell                  |
|          [4] neovim                   |
|          [5] git repos                |
|          [6] docs                     |
|          [7] stow symlinks            |
|          [8] complete                 |
|                                       |
|          [q] quit                     |
|                                       |
+---------------------------------------+
:[H[2J[3J+--------[ debian setup script ]--------+
|                                       |
|         [ apt package groups ]        |
|                                       |
|       1. [ ] core                     |
|       2. [ ] networking               |
|       3. [ ] c dev                    |
|       4. [ ] c xtras                  |
|       5. [ ] neovim dependecies       |
|       6. [ ] haskell dependecies      |
|       7. [ ] additional languages     |
|       8. [ ] full                     |
|       9. [ ] all                      |
|                                       |
|          [i] install                  |
|          [u] uninstall                |
|          [b] back                     |
|          [q] quit                     |
|                                       |
+---------------------------------------+
:[H[2J[3J+--------[ debian setup script ]--------+
|                                       |
|         [ apt package groups ]        |
|                                       |
|       1. [x] core                     |
|       2. [ ] networking               |
|       3. [ ] c dev                    |
|       4. [ ] c xtras                  |
|       5. [ ] neovim dependecies       |
|       6. [ ] haskell dependecies      |
|       7. [ ] additional languages     |
|       8. [ ] full                     |
|       9. [ ] all                      |
|                                       |
|          [i] install                  |
|          [u] uninstall                |
|          [b] back                     |
|          [q] quit                     |
|                                       |
+---------------------------------------+
:[H[2J[3J+--------[ debian setup script ]--------+
|                                       |
|         [ apt package groups ]        |
|                                       |
|       1. [x] core                     |
|       2. [x] networking               |
|       3. [ ] c dev                    |
|       4. [ ] c xtras                  |
|       5. [ ] neovim dependecies       |
|       6. [ ] haskell dependecies      |
|       7. [ ] additional languages     |
|       8. [ ] full                     |
|       9. [ ] all                      |
|                                       |
|          [i] install                  |
|          [u] uninstall                |
|          [b] back                     |
|          [q] quit                     |
|                                       |
+---------------------------------------+
:[H[2J[3J+--------[ debian setup script ]--------+
|                                       |
|         [ apt package groups ]        |
|                                       |
|       1. [x] core                     |
|       2. [x] networking               |
|       3. [x] c dev                    |
|       4. [ ] c xtras                  |
|       5. [ ] neovim dependecies       |
|       6. [ ] haskell dependecies      |
|       7. [ ] additional languages     |
|       8. [ ] full                     |
|       9. [ ] all                      |
|                                       |
|          [i] install                  |
|          [u] uninstall                |
|          [b] back                     |
|          [q] quit                     |
|                                       |
+---------------------------------------+
:[H[2J[3J+--------[ debian setup script ]--------+
|                                       |
|         [ apt package groups ]        |
|                                       |
|       1. [x] core                     |
|       2. [x] networking               |
|       3. [x] c dev                    |
|       4. [x] c xtras                  |
|       5. [ ] neovim dependecies       |
|       6. [ ] haskell dependecies      |
|       7. [ ] additional languages     |
|       8. [ ] full                     |
|       9. [ ] all                      |
|                                       |
|          [i] install                  |
|          [u] uninstall                |
|          [b] back                     |
|          [q] quit                     |
|                                       |
+---------------------------------------+
:[H[2J[3J+--------[ debian setup script ]--------+
|                                       |
|         [ apt package groups ]        |
|                                       |
|       1. [x] core                     |
|       2. [x] networking               |
|       3. [x] c dev                    |
|       4. [x] c xtras                  |
|       5. [x] neovim dependecies       |
|       6. [ ] haskell dependecies      |
|       7. [ ] additional languages     |
|       8. [ ] full                     |
|       9. [ ] all                      |
|                                       |
|          [i] install                  |
|          [u] uninstall                |
|          [b] back                     |
|          [q] quit                     |
|                                       |
+---------------------------------------+
:[ proposed command ]

sudo apt-get git ssh vim curl iproute2 net-tools build-essential valgrind gdb lldb cmake clang clang-tools libclang-dev libncurses-dev libpng-dev libsdl3-dev libsdl3-image-dev libsdl3-ttf-dev gettext ninja-build

[ approve execution? (y/n) ] > [H[2J[3J[H[2J[3J+--------[ debian setup script ]--------+
|                                       |
|            [ components ]             |
|                                       |
|          [1] apt packages             |
|          [2] rust                     |
|          [3] haskell                  |
|          [4] neovim                   |
|          [5] git repos                |
|          [6] docs                     |
|          [7] stow symlinks            |
|          [8] complete                 |
|                                       |
|          [q] quit                     |
|                                       |
+---------------------------------------+
:[H[2J[3J+--------[ debian setup script ]--------+
|                                       |
|         [ apt package groups ]        |
|                                       |
|       1. [ ] core                     |
|       2. [ ] networking               |
|       3. [ ] c dev                    |
|       4. [ ] c xtras                  |
|       5. [ ] neovim dependecies       |
|       6. [ ] haskell dependecies      |
|       7. [ ] additional languages     |
|       8. [ ] full                     |
|       9. [ ] all                      |
|                                       |
|          [i] install                  |
|          [u] uninstall                |
|          [b] back                     |
|          [q] quit                     |
|                                       |
+---------------------------------------+
:[H[2J[3J+--------[ debian setup script ]--------+
|                                       |
|         [ apt package groups ]        |
|                                       |
|       1. [x] core                     |
|       2. [ ] networking               |
|       3. [ ] c dev                    |
|       4. [ ] c xtras                  |
|       5. [ ] neovim dependecies       |
|       6. [ ] haskell dependecies      |
|       7. [ ] additional languages     |
|       8. [ ] full                     |
|       9. [ ] all                      |
|                                       |
|          [i] install                  |
|          [u] uninstall                |
|          [b] back                     |
|          [q] quit                     |
|                                       |
+---------------------------------------+
:[H[2J[3J+--------[ debian setup script ]--------+
|                                       |
|         [ apt package groups ]        |
|                                       |
|       1. [x] core                     |
|       2. [x] networking               |
|       3. [ ] c dev                    |
|       4. [ ] c xtras                  |
|       5. [ ] neovim dependecies       |
|       6. [ ] haskell dependecies      |
|       7. [ ] additional languages     |
|       8. [ ] full                     |
|       9. [ ] all                      |
|                                       |
|          [i] install                  |
|          [u] uninstall                |
|          [b] back                     |
|          [q] quit                     |
|                                       |
+---------------------------------------+
:[H[2J[3J+--------[ debian setup script ]--------+
|                                       |
|         [ apt package groups ]        |
|                                       |
|       1. [x] core                     |
|       2. [x] networking               |
|       3. [x] c dev                    |
|       4. [ ] c xtras                  |
|       5. [ ] neovim dependecies       |
|       6. [ ] haskell dependecies      |
|       7. [ ] additional languages     |
|       8. [ ] full                     |
|       9. [ ] all                      |
|                                       |
|          [i] install                  |
|          [u] uninstall                |
|          [b] back                     |
|          [q] quit                     |
|                                       |
+---------------------------------------+
:[H[2J[3J+--------[ debian setup script ]--------+
|                                       |
|         [ apt package groups ]        |
|                                       |
|       1. [x] core                     |
|       2. [x] networking               |
|       3. [x] c dev                    |
|       4. [x] c xtras                  |
|       5. [ ] neovim dependecies       |
|       6. [ ] haskell dependecies      |
|       7. [ ] additional languages     |
|       8. [ ] full                     |
|       9. [ ] all                      |
|                                       |
|          [i] install                  |
|          [u] uninstall                |
|          [b] back                     |
|          [q] quit                     |
|                                       |
+---------------------------------------+
:[ proposed command ]

sudo apt-get git ssh vim curl iproute2 net-tools build-essential valgrind gdb lldb cmake clang clang-tools libclang-dev libncurses-dev libpng-dev libsdl3-dev libsdl3-image-dev libsdl3-ttf-dev

[ approve execution? (y/n) ] > [H[2J[3J[H[2J[3J+--------[ debian setup script ]--------+
|                                       |
|            [ components ]             |
|                                       |
|          [1] apt packages             |
|          [2] rust                     |
|          [3] haskell                  |
|          [4] neovim                   |
|          [5] git repos                |
|          [6] docs                     |
|          [7] stow symlinks            |
|          [8] complete                 |
|                                       |
|          [q] quit                     |
|                                       |
+---------------------------------------+
:[H[2J[3J+--------[ debian setup script ]--------+
|                                       |
|         [ apt package groups ]        |
|                                       |
|       1. [ ] core                     |
|       2. [ ] networking               |
|       3. [ ] c dev                    |
|       4. [ ] c xtras                  |
|       5. [ ] neovim dependecies       |
|       6. [ ] haskell dependecies      |
|       7. [ ] additional languages     |
|       8. [ ] full                     |
|       9. [ ] all                      |
|                                       |
|          [i] install                  |
|          [u] uninstall                |
|          [b] back                     |
|          [q] quit                     |
|                                       |
+---------------------------------------+
:[H[2J[3J+--------[ debian setup script ]--------+
|                                       |
|         [ apt package groups ]        |
|                                       |
|       1. [ ] core                     |
|       2. [x] networking               |
|       3. [ ] c dev                    |
|       4. [ ] c xtras                  |
|       5. [ ] neovim dependecies       |
|       6. [ ] haskell dependecies      |
|       7. [ ] additional languages     |
|       8. [ ] full                     |
|       9. [ ] all                      |
|                                       |
|          [i] install                  |
|          [u] uninstall                |
|          [b] back                     |
|          [q] quit                     |
|                                       |
+---------------------------------------+
:[H[2J[3J+--------[ debian setup script ]--------+
|                                       |
|         [ apt package groups ]        |
|                                       |
|       1. [x] core                     |
|       2. [x] networking               |
|       3. [ ] c dev                    |
|       4. [ ] c xtras                  |
|       5. [ ] neovim dependecies       |
|       6. [ ] haskell dependecies      |
|       7. [ ] additional languages     |
|       8. [ ] full                     |
|       9. [ ] all                      |
|                                       |
|          [i] install                  |
|          [u] uninstall                |
|          [b] back                     |
|          [q] quit                     |
|                                       |
+---------------------------------------+
:install_option
[ proposed command ]

sudo apt-get git ssh vim curl iproute2 net-tools

[ approve execution? (y/n) ] > [H[2J[3J[H[2J[3J+--------[ debian setup script ]--------+
|                                       |
|            [ components ]             |
|                                       |
|          [1] apt packages             |
|          [2] rust                     |
|          [3] haskell                  |
|          [4] neovim                   |
|          [5] git repos                |
|          [6] docs                     |
|          [7] stow symlinks            |
|          [8] complete                 |
|                                       |
|          [q] quit                     |
|                                       |
+---------------------------------------+
:[H[2J[3J+--------[ debian setup script ]--------+
|                                       |
|         [ apt package groups ]        |
|                                       |
|       1. [ ] core                     |
|       2. [ ] networking               |
|       3. [ ] c dev                    |
|       4. [ ] c xtras                  |
|       5. [ ] neovim dependecies       |
|       6. [ ] haskell dependecies      |
|       7. [ ] additional languages     |
|       8. [ ] full                     |
|       9. [ ] all                      |
|                                       |
|          [i] install                  |
|          [u] uninstall                |
|          [b] back                     |
|          [q] quit                     |
|                                       |
+---------------------------------------+
:[H[2J[3J+--------[ debian setup script ]--------+
|                                       |
|         [ apt package groups ]        |
|                                       |
|       1. [x] core                     |
|       2. [ ] networking               |
|       3. [ ] c dev                    |
|       4. [ ] c xtras                  |
|       5. [ ] neovim dependecies       |
|       6. [ ] haskell dependecies      |
|       7. [ ] additional languages     |
|       8. [ ] full                     |
|       9. [ ] all                      |
|                                       |
|          [i] install                  |
|          [u] uninstall                |
|          [b] back                     |
|          [q] quit                     |
|                                       |
+---------------------------------------+
:1
install_option
[ proposed command ]

sudo apt-get git ssh vim curl

[ approve execution? (y/n) ] > [H[2J[3J[H[2J[3J+--------[ debian setup script ]--------+
|                                       |
|            [ components ]             |
|                                       |
|          [1] apt packages             |
|          [2] rust                     |
|          [3] haskell                  |
|          [4] neovim                   |
|          [5] git repos                |
|          [6] docs                     |
|          [7] stow symlinks            |
|          [8] complete                 |
|                                       |
|          [q] quit                     |
|                                       |
+---------------------------------------+
:[H[2J[3J+--------[ debian setup script ]--------+
|                                       |
|         [ apt package groups ]        |
|                                       |
|       1. [ ] core                     |
|       2. [ ] networking               |
|       3. [ ] c dev                    |
|       4. [ ] c xtras                  |
|       5. [ ] neovim dependecies       |
|       6. [ ] haskell dependecies      |
|       7. [ ] additional languages     |
|       8. [ ] full                     |
|       9. [ ] all                      |
|                                       |
|          [i] install                  |
|          [u] uninstall                |
|          [b] back                     |
|          [q] quit                     |
|                                       |
+---------------------------------------+
:[H[2J[3J+--------[ debian setup script ]--------+
|                                       |
|         [ apt package groups ]        |
|                                       |
|       1. [x] core                     |
|       2. [ ] networking               |
|       3. [ ] c dev                    |
|       4. [ ] c xtras                  |
|       5. [ ] neovim dependecies       |
|       6. [ ] haskell dependecies      |
|       7. [ ] additional languages     |
|       8. [ ] full                     |
|       9. [ ] all                      |
|                                       |
|          [i] install                  |
|          [u] uninstall                |
|          [b] back                     |
|          [q] quit                     |
|                                       |
+---------------------------------------+
:option in get command install_option
[ proposed command ]

sudo apt-get git ssh vim curl

[ approve execution? (y/n) ] > [H[2J[3J[H[2J[3J+--------[ debian setup script ]--------+
|                                       |
|            [ components ]             |
|                                       |
|          [1] apt packages             |
|          [2] rust                     |
|          [3] haskell                  |
|          [4] neovim                   |
|          [5] git repos                |
|          [6] docs                     |
|          [7] stow symlinks            |
|          [8] complete                 |
|                                       |
|          [q] quit                     |
|                                       |
+---------------------------------------+
:[H[2J[3J+--------[ debian setup script ]--------+
|                                       |
|         [ apt package groups ]        |
|                                       |
|       1. [ ] core                     |
|       2. [ ] networking               |
|       3. [ ] c dev                    |
|       4. [ ] c xtras                  |
|       5. [ ] neovim dependecies       |
|       6. [ ] haskell dependecies      |
|       7. [ ] additional languages     |
|       8. [ ] full                     |
|       9. [ ] all                      |
|                                       |
|          [i] install                  |
|          [u] uninstall                |
|          [b] back                     |
|          [q] quit                     |
|                                       |
+---------------------------------------+
:[H[2J[3J+--------[ debian setup script ]--------+
|                                       |
|         [ apt package groups ]        |
|                                       |
|       1. [ ] core                     |
|       2. [x] networking               |
|       3. [ ] c dev                    |
|       4. [ ] c xtras                  |
|       5. [ ] neovim dependecies       |
|       6. [ ] haskell dependecies      |
|       7. [ ] additional languages     |
|       8. [ ] full                     |
|       9. [ ] all                      |
|                                       |
|          [i] install                  |
|          [u] uninstall                |
|          [b] back                     |
|          [q] quit                     |
|                                       |
+---------------------------------------+
:[H[2J[3J+--------[ debian setup script ]--------+
|                                       |
|         [ apt package groups ]        |
|                                       |
|       1. [x] core                     |
|       2. [x] networking               |
|       3. [ ] c dev                    |
|       4. [ ] c xtras                  |
|       5. [ ] neovim dependecies       |
|       6. [ ] haskell dependecies      |
|       7. [ ] additional languages     |
|       8. [ ] full                     |
|       9. [ ] all                      |
|                                       |
|          [i] install                  |
|          [u] uninstall                |
|          [b] back                     |
|          [q] quit                     |
|                                       |
+---------------------------------------+
:option in get command install_option
[ proposed command ]

sudo apt-get git ssh vim curl iproute2 net-tools

[ approve execution? (y/n) ] > [H[2J[3J[H[2J[3J+--------[ debian setup script ]--------+
|                                       |
|            [ components ]             |
|                                       |
|          [1] apt packages             |
|          [2] rust                     |
|          [3] haskell                  |
|          [4] neovim                   |
|          [5] git repos                |
|          [6] docs                     |
|          [7] stow symlinks            |
|          [8] complete                 |
|                                       |
|          [q] quit                     |
|                                       |
+---------------------------------------+
:[H[2J[3J+--------[ debian setup script ]--------+
|                                       |
|         [ apt package groups ]        |
|                                       |
|       1. [ ] core                     |
|       2. [ ] networking               |
|       3. [ ] c dev                    |
|       4. [ ] c xtras                  |
|       5. [ ] neovim dependecies       |
|       6. [ ] haskell dependecies      |
|       7. [ ] additional languages     |
|       8. [ ] full                     |
|       9. [ ] all                      |
|                                       |
|          [i] install                  |
|          [u] uninstall                |
|          [b] back                     |
|          [q] quit                     |
|                                       |
+---------------------------------------+
:[H[2J[3J+--------[ debian setup script ]--------+
|                                       |
|         [ apt package groups ]        |
|                                       |
|       1. [x] core                     |
|       2. [ ] networking               |
|       3. [ ] c dev                    |
|       4. [ ] c xtras                  |
|       5. [ ] neovim dependecies       |
|       6. [ ] haskell dependecies      |
|       7. [ ] additional languages     |
|       8. [ ] full                     |
|       9. [ ] all                      |
|                                       |
|          [i] install                  |
|          [u] uninstall                |
|          [b] back                     |
|          [q] quit                     |
|                                       |
+---------------------------------------+
:in apt installer: 1, 1
option in get command install_option
[ proposed command ]

sudo apt-get git ssh vim curl

[ approve execution? (y/n) ] > [H[2J[3J[H[2J[3J+--------[ debian setup script ]--------+
|                                       |
|            [ components ]             |
|                                       |
|          [1] apt packages             |
|          [2] rust                     |
|          [3] haskell                  |
|          [4] neovim                   |
|          [5] git repos                |
|          [6] docs                     |
|          [7] stow symlinks            |
|          [8] complete                 |
|                                       |
|          [q] quit                     |
|                                       |
+---------------------------------------+
:[H[2J[3J+--------[ debian setup script ]--------+
|                                       |
|         [ apt package groups ]        |
|                                       |
|       1. [ ] core                     |
|       2. [ ] networking               |
|       3. [ ] c dev                    |
|       4. [ ] c xtras                  |
|       5. [ ] neovim dependecies       |
|       6. [ ] haskell dependecies      |
|       7. [ ] additional languages     |
|       8. [ ] full                     |
|       9. [ ] all                      |
|                                       |
|          [i] install                  |
|          [u] uninstall                |
|          [b] back                     |
|          [q] quit                     |
|                                       |
+---------------------------------------+
:[H[2J[3J+--------[ debian setup script ]--------+
|                                       |
|         [ apt package groups ]        |
|                                       |
|       1. [x] core                     |
|       2. [ ] networking               |
|       3. [ ] c dev                    |
|       4. [ ] c xtras                  |
|       5. [ ] neovim dependecies       |
|       6. [ ] haskell dependecies      |
|       7. [ ] additional languages     |
|       8. [ ] full                     |
|       9. [ ] all                      |
|                                       |
|          [i] install                  |
|          [u] uninstall                |
|          [b] back                     |
|          [q] quit                     |
|                                       |
+---------------------------------------+
:in apt installer: 1, 1
option in get command install_option, install_option
[ proposed command ]

sudo apt-get git ssh vim curl

[ approve execution? (y/n) ] > [H[2J[3J[H[2J[3J+--------[ debian setup script ]--------+
|                                       |
|            [ components ]             |
|                                       |
|          [1] apt packages             |
|          [2] rust                     |
|          [3] haskell                  |
|          [4] neovim                   |
|          [5] git repos                |
|          [6] docs                     |
|          [7] stow symlinks            |
|          [8] complete                 |
|                                       |
|          [q] quit                     |
|                                       |
+---------------------------------------+
:[H[2J[3J+--------[ debian setup script ]--------+
|                                       |
|         [ apt package groups ]        |
|                                       |
|       1. [ ] core                     |
|       2. [ ] networking               |
|       3. [ ] c dev                    |
|       4. [ ] c xtras                  |
|       5. [ ] neovim dependecies       |
|       6. [ ] haskell dependecies      |
|       7. [ ] additional languages     |
|       8. [ ] full                     |
|       9. [ ] all                      |
|                                       |
|          [i] install                  |
|          [u] uninstall                |
|          [b] back                     |
|          [q] quit                     |
|                                       |
+---------------------------------------+
:[H[2J[3J+--------[ debian setup script ]--------+
|                                       |
|         [ apt package groups ]        |
|                                       |
|       1. [x] core                     |
|       2. [ ] networking               |
|       3. [ ] c dev                    |
|       4. [ ] c xtras                  |
|       5. [ ] neovim dependecies       |
|       6. [ ] haskell dependecies      |
|       7. [ ] additional languages     |
|       8. [ ] full                     |
|       9. [ ] all                      |
|                                       |
|          [i] install                  |
|          [u] uninstall                |
|          [b] back                     |
|          [q] quit                     |
|                                       |
+---------------------------------------+
:in apt installer: 1, 1
option in get command install_option, 1
[ proposed command ]

sudo apt-get git ssh vim curl

[ approve execution? (y/n) ] > [H[2J[3J[H[2J[3J+--------[ debian setup script ]--------+
|                                       |
|            [ components ]             |
|                                       |
|          [1] apt packages             |
|          [2] rust                     |
|          [3] haskell                  |
|          [4] neovim                   |
|          [5] git repos                |
|          [6] docs                     |
|          [7] stow symlinks            |
|          [8] complete                 |
|                                       |
|          [q] quit                     |
|                                       |
+---------------------------------------+
:[H[2J[3J+--------[ debian setup script ]--------+
|                                       |
|         [ apt package groups ]        |
|                                       |
|       1. [ ] core                     |
|       2. [ ] networking               |
|       3. [ ] c dev                    |
|       4. [ ] c xtras                  |
|       5. [ ] neovim dependecies       |
|       6. [ ] haskell dependecies      |
|       7. [ ] additional languages     |
|       8. [ ] full                     |
|       9. [ ] all                      |
|                                       |
|          [i] install                  |
|          [u] uninstall                |
|          [b] back                     |
|          [q] quit                     |
|                                       |
+---------------------------------------+
:[H[2J[3J+--------[ debian setup script ]--------+
|                                       |
|         [ apt package groups ]        |
|                                       |
|       1. [ ] core                     |
|       2. [x] networking               |
|       3. [ ] c dev                    |
|       4. [ ] c xtras                  |
|       5. [ ] neovim dependecies       |
|       6. [ ] haskell dependecies      |
|       7. [ ] additional languages     |
|       8. [ ] full                     |
|       9. [ ] all                      |
|                                       |
|          [i] install                  |
|          [u] uninstall                |
|          [b] back                     |
|          [q] quit                     |
|                                       |
+---------------------------------------+
:in apt installer: 1, 1
[ proposed command ]

sudo apt-get purge -y iproute2 net-tools

[ approve execution? (y/n) ] > [H[2J[3J[H[2J[3J+--------[ debian setup script ]--------+
|                                       |
|            [ components ]             |
|                                       |
|          [1] apt packages             |
|          [2] rust                     |
|          [3] haskell                  |
|          [4] neovim                   |
|          [5] git repos                |
|          [6] docs                     |
|          [7] stow symlinks            |
|          [8] complete                 |
|                                       |
|          [q] quit                     |
|                                       |
+---------------------------------------+
:[H[2J[3J+--------[ debian setup script ]--------+
|                                       |
|         [ apt package groups ]        |
|                                       |
|       1. [ ] core                     |
|       2. [ ] networking               |
|       3. [ ] c dev                    |
|       4. [ ] c xtras                  |
|       5. [ ] neovim dependecies       |
|       6. [ ] haskell dependecies      |
|       7. [ ] additional languages     |
|       8. [ ] full                     |
|       9. [ ] all                      |
|                                       |
|          [i] install                  |
|          [u] uninstall                |
|          [b] back                     |
|          [q] quit                     |
|                                       |
+---------------------------------------+
:[H[2J[3J+--------[ debian setup script ]--------+
|                                       |
|         [ apt package groups ]        |
|                                       |
|       1. [x] core                     |
|       2. [ ] networking               |
|       3. [ ] c dev                    |
|       4. [ ] c xtras                  |
|       5. [ ] neovim dependecies       |
|       6. [ ] haskell dependecies      |
|       7. [ ] additional languages     |
|       8. [ ] full                     |
|       9. [ ] all                      |
|                                       |
|          [i] install                  |
|          [u] uninstall                |
|          [b] back                     |
|          [q] quit                     |
|                                       |
+---------------------------------------+
:in apt installer: 1, 1
[ proposed command ]

sudo apt-get purge -y git ssh vim curl

[ approve execution? (y/n) ] > [H[2J[3J[H[2J[3J+--------[ debian setup script ]--------+
|                                       |
|            [ components ]             |
|                                       |
|          [1] apt packages             |
|          [2] rust                     |
|          [3] haskell                  |
|          [4] neovim                   |
|          [5] git repos                |
|          [6] docs                     |
|          [7] stow symlinks            |
|          [8] complete                 |
|                                       |
|          [q] quit                     |
|                                       |
+---------------------------------------+
:[H[2J[3J+--------[ debian setup script ]--------+
|                                       |
|         [ apt package groups ]        |
|                                       |
|       1. [ ] core                     |
|       2. [ ] networking               |
|       3. [ ] c dev                    |
|       4. [ ] c xtras                  |
|       5. [ ] neovim dependecies       |
|       6. [ ] haskell dependecies      |
|       7. [ ] additional languages     |
|       8. [ ] full                     |
|       9. [ ] all                      |
|                                       |
|          [i] install                  |
|          [u] uninstall                |
|          [b] back                     |
|          [q] quit                     |
|                                       |
+---------------------------------------+
:[H[2J[3J+--------[ debian setup script ]--------+
|                                       |
|         [ apt package groups ]        |
|                                       |
|       1. [x] core                     |
|       2. [ ] networking               |
|       3. [ ] c dev                    |
|       4. [ ] c xtras                  |
|       5. [ ] neovim dependecies       |
|       6. [ ] haskell dependecies      |
|       7. [ ] additional languages     |
|       8. [ ] full                     |
|       9. [ ] all                      |
|                                       |
|          [i] install                  |
|          [u] uninstall                |
|          [b] back                     |
|          [q] quit                     |
|                                       |
+---------------------------------------+
:in apt installer: 1, 1
option in get command install_option, 1
[ proposed command ]

sudo apt-get git ssh vim curl

[ approve execution? (y/n) ] > [H[2J[3J[H[2J[3J+--------[ debian setup script ]--------+
|                                       |
|            [ components ]             |
|                                       |
|          [1] apt packages             |
|          [2] rust                     |
|          [3] haskell                  |
|          [4] neovim                   |
|          [5] git repos                |
|          [6] docs                     |
|          [7] stow symlinks            |
|          [8] complete                 |
|                                       |
|          [q] quit                     |
|                                       |
+---------------------------------------+
:[H[2J[3J+--------[ debian setup script ]--------+
|                                       |
|         [ apt package groups ]        |
|                                       |
|       1. [ ] core                     |
|       2. [ ] networking               |
|       3. [ ] c dev                    |
|       4. [ ] c xtras                  |
|       5. [ ] neovim dependecies       |
|       6. [ ] haskell dependecies      |
|       7. [ ] additional languages     |
|       8. [ ] full                     |
|       9. [ ] all                      |
|                                       |
|          [i] install                  |
|          [u] uninstall                |
|          [b] back                     |
|          [q] quit                     |
|                                       |
+---------------------------------------+
:[H[2J[3J+--------[ debian setup script ]--------+
|                                       |
|         [ apt package groups ]        |
|                                       |
|       1. [x] core                     |
|       2. [ ] networking               |
|       3. [ ] c dev                    |
|       4. [ ] c xtras                  |
|       5. [ ] neovim dependecies       |
|       6. [ ] haskell dependecies      |
|       7. [ ] additional languages     |
|       8. [ ] full                     |
|       9. [ ] all                      |
|                                       |
|          [i] install                  |
|          [u] uninstall                |
|          [b] back                     |
|          [q] quit                     |
|                                       |
+---------------------------------------+
:in apt installer: 1, 1
[ proposed command ]

sudo apt-get git ssh vim curl

[ approve execution? (y/n) ] > [H[2J[3J[H[2J[3J+--------[ debian setup script ]--------+
|                                       |
|            [ components ]             |
|                                       |
|          [1] apt packages             |
|          [2] rust                     |
|          [3] haskell                  |
|          [4] neovim                   |
|          [5] git repos                |
|          [6] docs                     |
|          [7] stow symlinks            |
|          [8] complete                 |
|                                       |
|          [q] quit                     |
|                                       |
+---------------------------------------+
:[H[2J[3J+--------[ debian setup script ]--------+
|                                       |
|         [ apt package groups ]        |
|                                       |
|       1. [ ] core                     |
|       2. [ ] networking               |
|       3. [ ] c dev                    |
|       4. [ ] c xtras                  |
|       5. [ ] neovim dependecies       |
|       6. [ ] haskell dependecies      |
|       7. [ ] additional languages     |
|       8. [ ] full                     |
|       9. [ ] all                      |
|                                       |
|          [i] install                  |
|          [u] uninstall                |
|          [b] back                     |
|          [q] quit                     |
|                                       |
+---------------------------------------+
:[H[2J[3J+--------[ debian setup script ]--------+
|                                       |
|         [ apt package groups ]        |
|                                       |
|       1. [x] core                     |
|       2. [ ] networking               |
|       3. [ ] c dev                    |
|       4. [ ] c xtras                  |
|       5. [ ] neovim dependecies       |
|       6. [ ] haskell dependecies      |
|       7. [ ] additional languages     |
|       8. [ ] full                     |
|       9. [ ] all                      |
|                                       |
|          [i] install                  |
|          [u] uninstall                |
|          [b] back                     |
|          [q] quit                     |
|                                       |
+---------------------------------------+
:/home/s/bin/setup: line 723: local: `1': invalid variable name for name reference
[ proposed command ]

sudo apt-get purge -y git ssh vim curl

[ approve execution? (y/n) ] > [H[2J[3J[H[2J[3J+--------[ debian setup script ]--------+
|                                       |
|            [ components ]             |
|                                       |
|          [1] apt packages             |
|          [2] rust                     |
|          [3] haskell                  |
|          [4] neovim                   |
|          [5] git repos                |
|          [6] docs                     |
|          [7] stow symlinks            |
|          [8] complete                 |
|                                       |
|          [q] quit                     |
|                                       |
+---------------------------------------+
:[H[2J[3J+--------[ debian setup script ]--------+
|                                       |
|         [ apt package groups ]        |
|                                       |
|       1. [ ] core                     |
|       2. [ ] networking               |
|       3. [ ] c dev                    |
|       4. [ ] c xtras                  |
|       5. [ ] neovim dependecies       |
|       6. [ ] haskell dependecies      |
|       7. [ ] additional languages     |
|       8. [ ] full                     |
|       9. [ ] all                      |
|                                       |
|          [i] install                  |
|          [u] uninstall                |
|          [b] back                     |
|          [q] quit                     |
|                                       |
+---------------------------------------+
:[H[2J[3J+--------[ debian setup script ]--------+
|                                       |
|         [ apt package groups ]        |
|                                       |
|       1. [x] core                     |
|       2. [ ] networking               |
|       3. [ ] c dev                    |
|       4. [ ] c xtras                  |
|       5. [ ] neovim dependecies       |
|       6. [ ] haskell dependecies      |
|       7. [ ] additional languages     |
|       8. [ ] full                     |
|       9. [ ] all                      |
|                                       |
|          [i] install                  |
|          [u] uninstall                |
|          [b] back                     |
|          [q] quit                     |
|                                       |
+---------------------------------------+
:[ proposed command ]

sudo apt-get git ssh vim curl

[ approve execution? (y/n) ] > [H[2J[3J[H[2J[3J+--------[ debian setup script ]--------+
|                                       |
|            [ components ]             |
|                                       |
|          [1] apt packages             |
|          [2] rust                     |
|          [3] haskell                  |
|          [4] neovim                   |
|          [5] git repos                |
|          [6] docs                     |
|          [7] stow symlinks            |
|          [8] complete                 |
|                                       |
|          [q] quit                     |
|                                       |
+---------------------------------------+
:[H[2J[3J+--------[ debian setup script ]--------+
|                                       |
|         [ apt package groups ]        |
|                                       |
|       1. [ ] core                     |
|       2. [ ] networking               |
|       3. [ ] c dev                    |
|       4. [ ] c xtras                  |
|       5. [ ] neovim dependecies       |
|       6. [ ] haskell dependecies      |
|       7. [ ] additional languages     |
|       8. [ ] full                     |
|       9. [ ] all                      |
|                                       |
|          [i] install                  |
|          [u] uninstall                |
|          [b] back                     |
|          [q] quit                     |
|                                       |
+---------------------------------------+
:[H[2J[3J+--------[ debian setup script ]--------+
|                                       |
|         [ apt package groups ]        |
|                                       |
|       1. [x] core                     |
|       2. [ ] networking               |
|       3. [ ] c dev                    |
|       4. [ ] c xtras                  |
|       5. [ ] neovim dependecies       |
|       6. [ ] haskell dependecies      |
|       7. [ ] additional languages     |
|       8. [ ] full                     |
|       9. [ ] all                      |
|                                       |
|          [i] install                  |
|          [u] uninstall                |
|          [b] back                     |
|          [q] quit                     |
|                                       |
+---------------------------------------+
:install_option, 1
[ proposed command ]

sudo apt-get git ssh vim curl

[ approve execution? (y/n) ] > [H[2J[3J[H[2J[3J+--------[ debian setup script ]--------+
|                                       |
|            [ components ]             |
|                                       |
|          [1] apt packages             |
|          [2] rust                     |
|          [3] haskell                  |
|          [4] neovim                   |
|          [5] git repos                |
|          [6] docs                     |
|          [7] stow symlinks            |
|          [8] complete                 |
|                                       |
|          [q] quit                     |
|                                       |
+---------------------------------------+
:[H[2J[3J+--------[ debian setup script ]--------+
|                                       |
|         [ apt package groups ]        |
|                                       |
|       1. [ ] core                     |
|       2. [ ] networking               |
|       3. [ ] c dev                    |
|       4. [ ] c xtras                  |
|       5. [ ] neovim dependecies       |
|       6. [ ] haskell dependecies      |
|       7. [ ] additional languages     |
|       8. [ ] full                     |
|       9. [ ] all                      |
|                                       |
|          [i] install                  |
|          [u] uninstall                |
|          [b] back                     |
|          [q] quit                     |
|                                       |
+---------------------------------------+
:[H[2J[3J+--------[ debian setup script ]--------+
|                                       |
|         [ apt package groups ]        |
|                                       |
|       1. [x] core                     |
|       2. [ ] networking               |
|       3. [ ] c dev                    |
|       4. [ ] c xtras                  |
|       5. [ ] neovim dependecies       |
|       6. [ ] haskell dependecies      |
|       7. [ ] additional languages     |
|       8. [ ] full                     |
|       9. [ ] all                      |
|                                       |
|          [i] install                  |
|          [u] uninstall                |
|          [b] back                     |
|          [q] quit                     |
|                                       |
+---------------------------------------+
:[ proposed command ]

sudo apt-get git ssh vim curl

[ approve execution? (y/n) ] > [H[2J[3J[H[2J[3J+--------[ debian setup script ]--------+
|                                       |
|            [ components ]             |
|                                       |
|          [1] apt packages             |
|          [2] rust                     |
|          [3] haskell                  |
|          [4] neovim                   |
|          [5] git repos                |
|          [6] docs                     |
|          [7] stow symlinks            |
|          [8] complete                 |
|                                       |
|          [q] quit                     |
|                                       |
+---------------------------------------+
:[H[2J[3J+--------[ debian setup script ]--------+
|                                       |
|         [ apt package groups ]        |
|                                       |
|       1. [ ] core                     |
|       2. [ ] networking               |
|       3. [ ] c dev                    |
|       4. [ ] c xtras                  |
|       5. [ ] neovim dependecies       |
|       6. [ ] haskell dependecies      |
|       7. [ ] additional languages     |
|       8. [ ] full                     |
|       9. [ ] all                      |
|                                       |
|          [i] install                  |
|          [u] uninstall                |
|          [b] back                     |
|          [q] quit                     |
|                                       |
+---------------------------------------+
:[H[2J[3J+--------[ debian setup script ]--------+
|                                       |
|         [ apt package groups ]        |
|                                       |
|       1. [x] core                     |
|       2. [ ] networking               |
|       3. [ ] c dev                    |
|       4. [ ] c xtras                  |
|       5. [ ] neovim dependecies       |
|       6. [ ] haskell dependecies      |
|       7. [ ] additional languages     |
|       8. [ ] full                     |
|       9. [ ] all                      |
|                                       |
|          [i] install                  |
|          [u] uninstall                |
|          [b] back                     |
|          [q] quit                     |
|                                       |
+---------------------------------------+
:[ proposed command ]

sudo apt-get git ssh vim curl

[ approve execution? (y/n) ] > [H[2J[3J[H[2J[3J+--------[ debian setup script ]--------+
|                                       |
|            [ components ]             |
|                                       |
|          [1] apt packages             |
|          [2] rust                     |
|          [3] haskell                  |
|          [4] neovim                   |
|          [5] git repos                |
|          [6] docs                     |
|          [7] stow symlinks            |
|          [8] complete                 |
|                                       |
|          [q] quit                     |
|                                       |
+---------------------------------------+
:[H[2J[3J+--------[ debian setup script ]--------+
|                                       |
|         [ apt package groups ]        |
|                                       |
|       1. [ ] core                     |
|       2. [ ] networking               |
|       3. [ ] c dev                    |
|       4. [ ] c xtras                  |
|       5. [ ] neovim dependecies       |
|       6. [ ] haskell dependecies      |
|       7. [ ] additional languages     |
|       8. [ ] full                     |
|       9. [ ] all                      |
|                                       |
|          [i] install                  |
|          [u] uninstall                |
|          [b] back                     |
|          [q] quit                     |
|                                       |
+---------------------------------------+
:[H[2J[3J+--------[ debian setup script ]--------+
|                                       |
|         [ apt package groups ]        |
|                                       |
|       1. [x] core                     |
|       2. [ ] networking               |
|       3. [ ] c dev                    |
|       4. [ ] c xtras                  |
|       5. [ ] neovim dependecies       |
|       6. [ ] haskell dependecies      |
|       7. [ ] additional languages     |
|       8. [ ] full                     |
|       9. [ ] all                      |
|                                       |
|          [i] install                  |
|          [u] uninstall                |
|          [b] back                     |
|          [q] quit                     |
|                                       |
+---------------------------------------+
:/home/s/bin/setup: line 723: local: `1': invalid variable name for name reference
[ proposed command ]

sudo apt-get purge -y git ssh vim curl

[ approve execution? (y/n) ] > [H[2J[3J[H[2J[3J+--------[ debian setup script ]--------+
|                                       |
|            [ components ]             |
|                                       |
|          [1] apt packages             |
|          [2] rust                     |
|          [3] haskell                  |
|          [4] neovim                   |
|          [5] git repos                |
|          [6] docs                     |
|          [7] stow symlinks            |
|          [8] complete                 |
|                                       |
|          [q] quit                     |
|                                       |
+---------------------------------------+
:[H[2J[3J+--------[ debian setup script ]--------+
|                                       |
|         [ apt package groups ]        |
|                                       |
|       1. [ ] core                     |
|       2. [ ] networking               |
|       3. [ ] c dev                    |
|       4. [ ] c xtras                  |
|       5. [ ] neovim dependecies       |
|       6. [ ] haskell dependecies      |
|       7. [ ] additional languages     |
|       8. [ ] full                     |
|       9. [ ] all                      |
|                                       |
|          [i] install                  |
|          [u] uninstall                |
|          [b] back                     |
|          [q] quit                     |
|                                       |
+---------------------------------------+
:[H[2J[3J+--------[ debian setup script ]--------+
|                                       |
|         [ apt package groups ]        |
|                                       |
|       1. [x] core                     |
|       2. [ ] networking               |
|       3. [ ] c dev                    |
|       4. [ ] c xtras                  |
|       5. [ ] neovim dependecies       |
|       6. [ ] haskell dependecies      |
|       7. [ ] additional languages     |
|       8. [ ] full                     |
|       9. [ ] all                      |
|                                       |
|          [i] install                  |
|          [u] uninstall                |
|          [b] back                     |
|          [q] quit                     |
|                                       |
+---------------------------------------+
:[ proposed command ]

sudo apt-get git ssh vim curl

[ approve execution? (y/n) ] > [H[2J[3J[H[2J[3J+--------[ debian setup script ]--------+
|                                       |
|            [ components ]             |
|                                       |
|          [1] apt packages             |
|          [2] rust                     |
|          [3] haskell                  |
|          [4] neovim                   |
|          [5] git repos                |
|          [6] docs                     |
|          [7] stow symlinks            |
|          [8] complete                 |
|                                       |
|          [q] quit                     |
|                                       |
+---------------------------------------+
:[H[2J[3J+--------[ debian setup script ]--------+
|                                       |
|         [ apt package groups ]        |
|                                       |
|       1. [ ] core                     |
|       2. [ ] networking               |
|       3. [ ] c dev                    |
|       4. [ ] c xtras                  |
|       5. [ ] neovim dependecies       |
|       6. [ ] haskell dependecies      |
|       7. [ ] additional languages     |
|       8. [ ] full                     |
|       9. [ ] all                      |
|                                       |
|          [i] install                  |
|          [u] uninstall                |
|          [b] back                     |
|          [q] quit                     |
|                                       |
+---------------------------------------+
:[H[2J[3J+--------[ debian setup script ]--------+
|                                       |
|         [ apt package groups ]        |
|                                       |
|       1. [x] core                     |
|       2. [ ] networking               |
|       3. [ ] c dev                    |
|       4. [ ] c xtras                  |
|       5. [ ] neovim dependecies       |
|       6. [ ] haskell dependecies      |
|       7. [ ] additional languages     |
|       8. [ ] full                     |
|       9. [ ] all                      |
|                                       |
|          [i] install                  |
|          [u] uninstall                |
|          [b] back                     |
|          [q] quit                     |
|                                       |
+---------------------------------------+
:[H[2J[3J+--------[ debian setup script ]--------+
|                                       |
|         [ apt package groups ]        |
|                                       |
|       1. [ ] core                     |
|       2. [ ] networking               |
|       3. [ ] c dev                    |
|       4. [ ] c xtras                  |
|       5. [ ] neovim dependecies       |
|       6. [ ] haskell dependecies      |
|       7. [ ] additional languages     |
|       8. [ ] full                     |
|       9. [ ] all                      |
|                                       |
|          [i] install                  |
|          [u] uninstall                |
|          [b] back                     |
|          [q] quit                     |
|                                       |
+---------------------------------------+
:nothing selected to install
[H[2J[3J+--------[ debian setup script ]--------+
|                                       |
|         [ apt package groups ]        |
|                                       |
|       1. [ ] core                     |
|       2. [ ] networking               |
|       3. [ ] c dev                    |
|       4. [ ] c xtras                  |
|       5. [ ] neovim dependecies       |
|       6. [ ] haskell dependecies      |
|       7. [ ] additional languages     |
|       8. [ ] full                     |
|       9. [ ] all                      |
|                                       |
|          [i] install                  |
|          [u] uninstall                |
|          [b] back                     |
|          [q] quit                     |
|                                       |
+---------------------------------------+
:[H[2J[3J+--------[ debian setup script ]--------+
|                                       |
|         [ apt package groups ]        |
|                                       |
|       1. [x] core                     |
|       2. [ ] networking               |
|       3. [ ] c dev                    |
|       4. [ ] c xtras                  |
|       5. [ ] neovim dependecies       |
|       6. [ ] haskell dependecies      |
|       7. [ ] additional languages     |
|       8. [ ] full                     |
|       9. [ ] all                      |
|                                       |
|          [i] install                  |
|          [u] uninstall                |
|          [b] back                     |
|          [q] quit                     |
|                                       |
+---------------------------------------+
:[H[2J[3J+--------[ debian setup script ]--------+
|                                       |
|         [ apt package groups ]        |
|                                       |
|       1. [x] core                     |
|       2. [x] networking               |
|       3. [ ] c dev                    |
|       4. [ ] c xtras                  |
|       5. [ ] neovim dependecies       |
|       6. [ ] haskell dependecies      |
|       7. [ ] additional languages     |
|       8. [ ] full                     |
|       9. [ ] all                      |
|                                       |
|          [i] install                  |
|          [u] uninstall                |
|          [b] back                     |
|          [q] quit                     |
|                                       |
+---------------------------------------+
:[H[2J[3J+--------[ debian setup script ]--------+
|                                       |
|         [ apt package groups ]        |
|                                       |
|       1. [x] core                     |
|       2. [x] networking               |
|       3. [x] c dev                    |
|       4. [ ] c xtras                  |
|       5. [ ] neovim dependecies       |
|       6. [ ] haskell dependecies      |
|       7. [ ] additional languages     |
|       8. [ ] full                     |
|       9. [ ] all                      |
|                                       |
|          [i] install                  |
|          [u] uninstall                |
|          [b] back                     |
|          [q] quit                     |
|                                       |
+---------------------------------------+
:install_option, 1
[ proposed command ]

sudo apt-get git ssh vim curl iproute2 net-tools build-essential valgrind gdb lldb cmake clang clang-tools

[ approve execution? (y/n) ] > [H[2J[3J[H[2J[3J+--------[ debian setup script ]--------+
|                                       |
|            [ components ]             |
|                                       |
|          [1] apt packages             |
|          [2] rust                     |
|          [3] haskell                  |
|          [4] neovim                   |
|          [5] git repos                |
|          [6] docs                     |
|          [7] stow symlinks            |
|          [8] complete                 |
|                                       |
|          [q] quit                     |
|                                       |
+---------------------------------------+
:[H[2J[3J+--------[ debian setup script ]--------+
|                                       |
|         [ apt package groups ]        |
|                                       |
|       1. [ ] core                     |
|       2. [ ] networking               |
|       3. [ ] c dev                    |
|       4. [ ] c xtras                  |
|       5. [ ] neovim dependecies       |
|       6. [ ] haskell dependecies      |
|       7. [ ] additional languages     |
|       8. [ ] full                     |
|       9. [ ] all                      |
|                                       |
|          [i] install                  |
|          [u] uninstall                |
|          [b] back                     |
|          [q] quit                     |
|                                       |
+---------------------------------------+
:[H[2J[3J+--------[ debian setup script ]--------+
|                                       |
|         [ apt package groups ]        |
|                                       |
|       1. [x] core                     |
|       2. [ ] networking               |
|       3. [ ] c dev                    |
|       4. [ ] c xtras                  |
|       5. [ ] neovim dependecies       |
|       6. [ ] haskell dependecies      |
|       7. [ ] additional languages     |
|       8. [ ] full                     |
|       9. [ ] all                      |
|                                       |
|          [i] install                  |
|          [u] uninstall                |
|          [b] back                     |
|          [q] quit                     |
|                                       |
+---------------------------------------+
:install_option, 1
[ proposed command ]

sudo apt-get git ssh vim curl

[ approve execution? (y/n) ] > [H[2J[3J[H[2J[3J+--------[ debian setup script ]--------+
|                                       |
|            [ components ]             |
|                                       |
|          [1] apt packages             |
|          [2] rust                     |
|          [3] haskell                  |
|          [4] neovim                   |
|          [5] git repos                |
|          [6] docs                     |
|          [7] stow symlinks            |
|          [8] complete                 |
|                                       |
|          [q] quit                     |
|                                       |
+---------------------------------------+
:[H[2J[3J+--------[ debian setup script ]--------+
|                                       |
|         [ apt package groups ]        |
|                                       |
|       1. [ ] core                     |
|       2. [ ] networking               |
|       3. [ ] c dev                    |
|       4. [ ] c xtras                  |
|       5. [ ] neovim dependecies       |
|       6. [ ] haskell dependecies      |
|       7. [ ] additional languages     |
|       8. [ ] full                     |
|       9. [ ] all                      |
|                                       |
|          [i] install                  |
|          [u] uninstall                |
|          [b] back                     |
|          [q] quit                     |
|                                       |
+---------------------------------------+
:[H[2J[3J+--------[ debian setup script ]--------+
|                                       |
|         [ apt package groups ]        |
|                                       |
|       1. [x] core                     |
|       2. [ ] networking               |
|       3. [ ] c dev                    |
|       4. [ ] c xtras                  |
|       5. [ ] neovim dependecies       |
|       6. [ ] haskell dependecies      |
|       7. [ ] additional languages     |
|       8. [ ] full                     |
|       9. [ ] all                      |
|                                       |
|          [i] install                  |
|          [u] uninstall                |
|          [b] back                     |
|          [q] quit                     |
|                                       |
+---------------------------------------+
:install_option, 1
[ proposed command ]

sudo apt-get git ssh vim curl

[ approve execution? (y/n) ] > [H[2J[3J[H[2J[3J+--------[ debian setup script ]--------+
|                                       |
|            [ components ]             |
|                                       |
|          [1] apt packages             |
|          [2] rust                     |
|          [3] haskell                  |
|          [4] neovim                   |
|          [5] git repos                |
|          [6] docs                     |
|          [7] stow symlinks            |
|          [8] complete                 |
|                                       |
|          [q] quit                     |
|                                       |
+---------------------------------------+
:[H[2J[3J+--------[ debian setup script ]--------+
|                                       |
|         [ apt package groups ]        |
|                                       |
|       1. [ ] core                     |
|       2. [ ] networking               |
|       3. [ ] c dev                    |
|       4. [ ] c xtras                  |
|       5. [ ] neovim dependecies       |
|       6. [ ] haskell dependecies      |
|       7. [ ] additional languages     |
|       8. [ ] full                     |
|       9. [ ] all                      |
|                                       |
|          [i] install                  |
|          [u] uninstall                |
|          [b] back                     |
|          [q] quit                     |
|                                       |
+---------------------------------------+
:[H[2J[3J+--------[ debian setup script ]--------+
|                                       |
|         [ apt package groups ]        |
|                                       |
|       1. [x] core                     |
|       2. [ ] networking               |
|       3. [ ] c dev                    |
|       4. [ ] c xtras                  |
|       5. [ ] neovim dependecies       |
|       6. [ ] haskell dependecies      |
|       7. [ ] additional languages     |
|       8. [ ] full                     |
|       9. [ ] all                      |
|                                       |
|          [i] install                  |
|          [u] uninstall                |
|          [b] back                     |
|          [q] quit                     |
|                                       |
+---------------------------------------+
:[H[2J[3J+--------[ debian setup script ]--------+
|                                       |
|         [ apt package groups ]        |
|                                       |
|       1. [x] core                     |
|       2. [x] networking               |
|       3. [ ] c dev                    |
|       4. [ ] c xtras                  |
|       5. [ ] neovim dependecies       |
|       6. [ ] haskell dependecies      |
|       7. [ ] additional languages     |
|       8. [ ] full                     |
|       9. [ ] all                      |
|                                       |
|          [i] install                  |
|          [u] uninstall                |
|          [b] back                     |
|          [q] quit                     |
|                                       |
+---------------------------------------+
:[H[2J[3J+--------[ debian setup script ]--------+
|                                       |
|         [ apt package groups ]        |
|                                       |
|       1. [x] core                     |
|       2. [x] networking               |
|       3. [x] c dev                    |
|       4. [ ] c xtras                  |
|       5. [ ] neovim dependecies       |
|       6. [ ] haskell dependecies      |
|       7. [ ] additional languages     |
|       8. [ ] full                     |
|       9. [ ] all                      |
|                                       |
|          [i] install                  |
|          [u] uninstall                |
|          [b] back                     |
|          [q] quit                     |
|                                       |
+---------------------------------------+
:[H[2J[3J+--------[ debian setup script ]--------+
|                                       |
|         [ apt package groups ]        |
|                                       |
|       1. [x] core                     |
|       2. [x] networking               |
|       3. [x] c dev                    |
|       4. [x] c xtras                  |
|       5. [ ] neovim dependecies       |
|       6. [ ] haskell dependecies      |
|       7. [ ] additional languages     |
|       8. [ ] full                     |
|       9. [ ] all                      |
|                                       |
|          [i] install                  |
|          [u] uninstall                |
|          [b] back                     |
|          [q] quit                     |
|                                       |
+---------------------------------------+
:[H[2J[3J+--------[ debian setup script ]--------+
|                                       |
|         [ apt package groups ]        |
|                                       |
|       1. [x] core                     |
|       2. [x] networking               |
|       3. [x] c dev                    |
|       4. [x] c xtras                  |
|       5. [x] neovim dependecies       |
|       6. [ ] haskell dependecies      |
|       7. [ ] additional languages     |
|       8. [ ] full                     |
|       9. [ ] all                      |
|                                       |
|          [i] install                  |
|          [u] uninstall                |
|          [b] back                     |
|          [q] quit                     |
|                                       |
+---------------------------------------+
:install_option, 1
[ proposed command ]

sudo apt-get git ssh vim curl iproute2 net-tools build-essential valgrind gdb lldb cmake clang clang-tools libclang-dev libncurses-dev libpng-dev libsdl3-dev libsdl3-image-dev libsdl3-ttf-dev gettext ninja-build

[ approve execution? (y/n) ] > 
[ updating packages references ... ]
[ packages references updated ]

[ installing package groups ... ]
sudo apt-get git ssh vim curl iproute2 net-tools build-essential valgrind gdb lldb cmake clang clang-tools libclang-dev libncurses-dev libpng-dev libsdl3-dev libsdl3-image-dev libsdl3-ttf-dev gettext ninja-build
[ package groups installed ]

[ updating and cleaning... ]
[ package refresh complete ]

added the following packages 
- [ git ]
- [ ssh ]
- [ vim ]
- [ curl ]
- [ iproute2 ]
- [ net-tools ]
- [ build-essential ]
- [ valgrind ]
- [ gdb ]
- [ lldb ]
- [ cmake ]
- [ clang ]
- [ clang-tools ]
- [ libclang-dev ]
- [ libncurses-dev ]
- [ libpng-dev ]
- [ libsdl3-dev ]
- [ libsdl3-image-dev ]
- [ libsdl3-ttf-dev ]
- [ gettext ]
- [ ninja-build ]

press any key to continue...[H[2J[3J[H[2J[3J+--------[ debian setup script ]--------+
|                                       |
|            [ components ]             |
|                                       |
|          [1] apt packages             |
|          [2] rust                     |
|          [3] haskell                  |
|          [4] neovim                   |
|          [5] git repos                |
|          [6] docs                     |
|          [7] stow symlinks            |
|          [8] complete                 |
|                                       |
|          [q] quit                     |
|                                       |
+---------------------------------------+
:[H[2J[3J+--------[ debian setup script ]--------+
|                                       |
|         [ apt package groups ]        |
|                                       |
|       1. [ ] core                     |
|       2. [ ] networking               |
|       3. [ ] c dev                    |
|       4. [ ] c xtras                  |
|       5. [ ] neovim dependecies       |
|       6. [ ] haskell dependecies      |
|       7. [ ] additional languages     |
|       8. [ ] full                     |
|       9. [ ] all                      |
|                                       |
|          [i] install                  |
|          [u] uninstall                |
|          [b] back                     |
|          [q] quit                     |
|                                       |
+---------------------------------------+
:[H[2J[3J+--------[ debian setup script ]--------+
|                                       |
|         [ apt package groups ]        |
|                                       |
|       1. [x] core                     |
|       2. [ ] networking               |
|       3. [ ] c dev                    |
|       4. [ ] c xtras                  |
|       5. [ ] neovim dependecies       |
|       6. [ ] haskell dependecies      |
|       7. [ ] additional languages     |
|       8. [ ] full                     |
|       9. [ ] all                      |
|                                       |
|          [i] install                  |
|          [u] uninstall                |
|          [b] back                     |
|          [q] quit                     |
|                                       |
+---------------------------------------+
:install_option, 1
[ proposed command ]

sudo apt-get git ssh vim curl

[ approve execution? (y/n) ] > [H[2J[3J[H[2J[3J+--------[ debian setup script ]--------+
|                                       |
|            [ components ]             |
|                                       |
|          [1] apt packages             |
|          [2] rust                     |
|          [3] haskell                  |
|          [4] neovim                   |
|          [5] git repos                |
|          [6] docs                     |
|          [7] stow symlinks            |
|          [8] complete                 |
|                                       |
|          [q] quit                     |
|                                       |
+---------------------------------------+
:[H[2J[3J+--------[ debian setup script ]--------+
|                                       |
|         [ apt package groups ]        |
|                                       |
|       1. [ ] core                     |
|       2. [ ] networking               |
|       3. [ ] c dev                    |
|       4. [ ] c xtras                  |
|       5. [ ] neovim dependecies       |
|       6. [ ] haskell dependecies      |
|       7. [ ] additional languages     |
|       8. [ ] full                     |
|       9. [ ] all                      |
|                                       |
|          [i] install                  |
|          [u] uninstall                |
|          [b] back                     |
|          [q] quit                     |
|                                       |
+---------------------------------------+
:[H[2J[3J+--------[ debian setup script ]--------+
|                                       |
|         [ apt package groups ]        |
|                                       |
|       1. [x] core                     |
|       2. [ ] networking               |
|       3. [ ] c dev                    |
|       4. [ ] c xtras                  |
|       5. [ ] neovim dependecies       |
|       6. [ ] haskell dependecies      |
|       7. [ ] additional languages     |
|       8. [ ] full                     |
|       9. [ ] all                      |
|                                       |
|          [i] install                  |
|          [u] uninstall                |
|          [b] back                     |
|          [q] quit                     |
|                                       |
+---------------------------------------+
:install_option, 1
[ proposed command ]

sudo apt-get git ssh vim curl

[ approve execution? (y/n) ] > [H[2J[3J[H[2J[3J+--------[ debian setup script ]--------+
|                                       |
|            [ components ]             |
|                                       |
|          [1] apt packages             |
|          [2] rust                     |
|          [3] haskell                  |
|          [4] neovim                   |
|          [5] git repos                |
|          [6] docs                     |
|          [7] stow symlinks            |
|          [8] complete                 |
|                                       |
|          [q] quit                     |
|                                       |
+---------------------------------------+
:[H[2J[3J[H[2J[3J+--------[ debian setup script ]--------+
|                                       |
|            [ components ]             |
|                                       |
|          [1] apt packages             |
|          [2] rust                     |
|          [3] haskell                  |
|          [4] neovim                   |
|          [5] git repos                |
|          [6] docs                     |
|          [7] stow symlinks            |
|          [8] complete                 |
|                                       |
|          [q] quit                     |
|                                       |
+---------------------------------------+
:[H[2J[3J[H[2J[3J+--------[ debian setup script ]--------+
|                                       |
|               [ rust ]                |
|                                       |
|             1. xxx rust               |
|             2. xxx crates             |
|                                       |
|              [i] install              |
|              [u] uninstall            |
|              [b] back                 |
|              [q] quit                 |
|                                       |
+---------------------------------------+
:[H[2J[3J[H[2J[3J+--------[ debian setup script ]--------+
|                                       |
|            [ components ]             |
|                                       |
|          [1] apt packages             |
|          [2] rust                     |
|          [3] haskell                  |
|          [4] neovim                   |
|          [5] git repos                |
|          [6] docs                     |
|          [7] stow symlinks            |
|          [8] complete                 |
|                                       |
|          [q] quit                     |
|                                       |
+---------------------------------------+
:[H[2J[3J+--------[ debian setup script ]--------+
|                                       |
|         [ apt package groups ]        |
|                                       |
|       1. [ ] core                     |
|       2. [ ] networking               |
|       3. [ ] c dev                    |
|       4. [ ] c xtras                  |
|       5. [ ] neovim dependecies       |
|       6. [ ] haskell dependecies      |
|       7. [ ] additional languages     |
|       8. [ ] full                     |
|       9. [ ] all                      |
|                                       |
|          [i] install                  |
|          [u] uninstall                |
|          [b] back                     |
|          [q] quit                     |
|                                       |
+---------------------------------------+
:[H[2J[3J+--------[ debian setup script ]--------+
|                                       |
|         [ apt package groups ]        |
|                                       |
|       1. [x] core                     |
|       2. [ ] networking               |
|       3. [ ] c dev                    |
|       4. [ ] c xtras                  |
|       5. [ ] neovim dependecies       |
|       6. [ ] haskell dependecies      |
|       7. [ ] additional languages     |
|       8. [ ] full                     |
|       9. [ ] all                      |
|                                       |
|          [i] install                  |
|          [u] uninstall                |
|          [b] back                     |
|          [q] quit                     |
|                                       |
+---------------------------------------+
:[H[2J[3J+--------[ debian setup script ]--------+
|                                       |
|         [ apt package groups ]        |
|                                       |
|       1. [x] core                     |
|       2. [x] networking               |
|       3. [ ] c dev                    |
|       4. [ ] c xtras                  |
|       5. [ ] neovim dependecies       |
|       6. [ ] haskell dependecies      |
|       7. [ ] additional languages     |
|       8. [ ] full                     |
|       9. [ ] all                      |
|                                       |
|          [i] install                  |
|          [u] uninstall                |
|          [b] back                     |
|          [q] quit                     |
|                                       |
+---------------------------------------+
:[H[2J[3J+--------[ debian setup script ]--------+
|                                       |
|         [ apt package groups ]        |
|                                       |
|       1. [x] core                     |
|       2. [x] networking               |
|       3. [x] c dev                    |
|       4. [ ] c xtras                  |
|       5. [ ] neovim dependecies       |
|       6. [ ] haskell dependecies      |
|       7. [ ] additional languages     |
|       8. [ ] full                     |
|       9. [ ] all                      |
|                                       |
|          [i] install                  |
|          [u] uninstall                |
|          [b] back                     |
|          [q] quit                     |
|                                       |
+---------------------------------------+
:[H[2J[3J+--------[ debian setup script ]--------+
|                                       |
|         [ apt package groups ]        |
|                                       |
|       1. [x] core                     |
|       2. [x] networking               |
|       3. [x] c dev                    |
|       4. [x] c xtras                  |
|       5. [ ] neovim dependecies       |
|       6. [ ] haskell dependecies      |
|       7. [ ] additional languages     |
|       8. [ ] full                     |
|       9. [ ] all                      |
|                                       |
|          [i] install                  |
|          [u] uninstall                |
|          [b] back                     |
|          [q] quit                     |
|                                       |
+---------------------------------------+
:install_option, 1
[ proposed command ]

sudo apt-get install -y git ssh vim curl iproute2 net-tools build-essential valgrind gdb lldb cmake clang clang-tools libclang-dev libncurses-dev libpng-dev libsdl3-dev libsdl3-image-dev libsdl3-ttf-dev

[ approve execution? (y/n) ] > 
[ updating packages references ... ]
[ packages references updated ]

[ installing package groups ... ]
sudo apt-get install -y git ssh vim curl iproute2 net-tools build-essential valgrind gdb lldb cmake clang clang-tools libclang-dev libncurses-dev libpng-dev libsdl3-dev libsdl3-image-dev libsdl3-ttf-dev
[ package groups installed ]

[ updating and cleaning... ]
[ package refresh complete ]

added the following packages 
- [ git ]
- [ ssh ]
- [ vim ]
- [ curl ]
- [ iproute2 ]
- [ net-tools ]
- [ build-essential ]
- [ valgrind ]
- [ gdb ]
- [ lldb ]
- [ cmake ]
- [ clang ]
- [ clang-tools ]
- [ libclang-dev ]
- [ libncurses-dev ]
- [ libpng-dev ]
- [ libsdl3-dev ]
- [ libsdl3-image-dev ]
- [ libsdl3-ttf-dev ]

press any key to continue...[H[2J[3J+--------[ debian setup script ]--------+
|                                       |
|         [ apt package groups ]        |
|                                       |
|       1. [x] core                     |
|       2. [x] networking               |
|       3. [x] c dev                    |
|       4. [x] c xtras                  |
|       5. [ ] neovim dependecies       |
|       6. [ ] haskell dependecies      |
|       7. [ ] additional languages     |
|       8. [ ] full                     |
|       9. [ ] all                      |
|                                       |
|          [i] install                  |
|          [u] uninstall                |
|          [b] back                     |
|          [q] quit                     |
|                                       |
+---------------------------------------+
:[H[2J[3J[H[2J[3J+--------[ debian setup script ]--------+
|                                       |
|            [ components ]             |
|                                       |
|          [1] apt packages             |
|          [2] rust                     |
|          [3] haskell                  |
|          [4] neovim                   |
|          [5] git repos                |
|          [6] docs                     |
|          [7] stow symlinks            |
|          [8] complete                 |
|                                       |
|          [q] quit                     |
|                                       |
+---------------------------------------+
:[H[2J[3J[H[2J[3J+--------[ debian setup script ]--------+
|                                       |
|            [ components ]             |
|                                       |
|          [1] apt packages             |
|          [2] rust                     |
|          [3] haskell                  |
|          [4] neovim                   |
|          [5] git repos                |
|          [6] docs                     |
|          [7] stow symlinks            |
|          [8] complete                 |
|                                       |
|          [q] quit                     |
|                                       |
+---------------------------------------+
:[H[2J[3J[H[2J[3J+--------[ debian setup script ]--------+
|                                       |
|            [ components ]             |
|                                       |
|          [1] apt packages             |
|          [2] rust                     |
|          [3] haskell                  |
|          [4] neovim                   |
|          [5] git repos                |
|          [6] docs                     |
|          [7] stow symlinks            |
|          [8] complete                 |
|                                       |
|          [q] quit                     |
|                                       |
+---------------------------------------+
:[H[2J[3J+--------[ debian setup script ]--------+
|                                       |
|         [ apt package groups ]        |
|                                       |
|       1. [ ] core                     |
|       2. [ ] networking               |
|       3. [ ] c dev                    |
|       4. [ ] c xtras                  |
|       5. [ ] neovim dependecies       |
|       6. [ ] haskell dependecies      |
|       7. [ ] additional languages     |
|       8. [ ] full                     |
|       9. [ ] all                      |
|                                       |
|          [i] install                  |
|          [u] uninstall                |
|          [b] back                     |
|          [q] quit                     |
|                                       |
+---------------------------------------+
:[H[2J[3J+--------[ debian setup script ]--------+
|                                       |
|         [ apt package groups ]        |
|                                       |
|       1. [x] core                     |
|       2. [ ] networking               |
|       3. [ ] c dev                    |
|       4. [ ] c xtras                  |
|       5. [ ] neovim dependecies       |
|       6. [ ] haskell dependecies      |
|       7. [ ] additional languages     |
|       8. [ ] full                     |
|       9. [ ] all                      |
|                                       |
|          [i] install                  |
|          [u] uninstall                |
|          [b] back                     |
|          [q] quit                     |
|                                       |
+---------------------------------------+
:install_option, 1
[ proposed command ]

sudo apt-get install -y git ssh vim curl

[ approve execution? (y/n) ] > 
[ aborting install ]
[H[2J[3J+--------[ debian setup script ]--------+
|                                       |
|         [ apt package groups ]        |
|                                       |
|       1. [x] core                     |
|       2. [ ] networking               |
|       3. [ ] c dev                    |
|       4. [ ] c xtras                  |
|       5. [ ] neovim dependecies       |
|       6. [ ] haskell dependecies      |
|       7. [ ] additional languages     |
|       8. [ ] full                     |
|       9. [ ] all                      |
|                                       |
|          [i] install                  |
|          [u] uninstall                |
|          [b] back                     |
|          [q] quit                     |
|                                       |
+---------------------------------------+
:[H[2J[3J[H[2J[3J+--------[ debian setup script ]--------+
|                                       |
|            [ components ]             |
|                                       |
|          [1] apt packages             |
|          [2] rust                     |
|          [3] haskell                  |
|          [4] neovim                   |
|          [5] git repos                |
|          [6] docs                     |
|          [7] stow symlinks            |
|          [8] complete                 |
|                                       |
|          [q] quit                     |
|                                       |
+---------------------------------------+
:[H[2J[3J+--------[ debian setup script ]--------+
|                                       |
|         [ apt package groups ]        |
|                                       |
|       1. [ ] core                     |
|       2. [ ] networking               |
|       3. [ ] c dev                    |
|       4. [ ] c xtras                  |
|       5. [ ] neovim dependecies       |
|       6. [ ] haskell dependecies      |
|       7. [ ] additional languages     |
|       8. [ ] full                     |
|       9. [ ] all                      |
|                                       |
|          [i] install                  |
|          [u] uninstall                |
|          [b] back                     |
|          [q] quit                     |
|                                       |
+---------------------------------------+
:[H[2J[3J+--------[ debian setup script ]--------+
|                                       |
|         [ apt package groups ]        |
|                                       |
|       1. [x] core                     |
|       2. [ ] networking               |
|       3. [ ] c dev                    |
|       4. [ ] c xtras                  |
|       5. [ ] neovim dependecies       |
|       6. [ ] haskell dependecies      |
|       7. [ ] additional languages     |
|       8. [ ] full                     |
|       9. [ ] all                      |
|                                       |
|          [i] install                  |
|          [u] uninstall                |
|          [b] back                     |
|          [q] quit                     |
|                                       |
+---------------------------------------+
:install_option, 1
[ proposed command ]

sudo apt-get install -y git ssh vim curl

[ approve execution? (y/n) ] > 
[ updating packages references ... ]
[ packages references updated ]

[ installing package groups ... ]
sudo apt-get install -y git ssh vim curl
[ package groups installed ]

[ updating and cleaning... ]
[ package refresh complete ]

added the following packages 
- [ git ]
- [ ssh ]
- [ vim ]
- [ curl ]

press any key to continue...[H[2J[3J+--------[ debian setup script ]--------+
|                                       |
|         [ apt package groups ]        |
|                                       |
|       1. [x] core                     |
|       2. [ ] networking               |
|       3. [ ] c dev                    |
|       4. [ ] c xtras                  |
|       5. [ ] neovim dependecies       |
|       6. [ ] haskell dependecies      |
|       7. [ ] additional languages     |
|       8. [ ] full                     |
|       9. [ ] all                      |
|                                       |
|          [i] install                  |
|          [u] uninstall                |
|          [b] back                     |
|          [q] quit                     |
|                                       |
+---------------------------------------+
:[H[2J[3J[H[2J[3J+--------[ debian setup script ]--------+
|                                       |
|            [ components ]             |
|                                       |
|          [1] apt packages             |
|          [2] rust                     |
|          [3] haskell                  |
|          [4] neovim                   |
|          [5] git repos                |
|          [6] docs                     |
|          [7] stow symlinks            |
|          [8] complete                 |
|                                       |
|          [q] quit                     |
|                                       |
+---------------------------------------+
:[H[2J[3J+--------[ debian setup script ]--------+
|                                       |
|         [ apt package groups ]        |
|                                       |
|       1. [ ] core                     |
|       2. [ ] networking               |
|       3. [ ] c dev                    |
|       4. [ ] c xtras                  |
|       5. [ ] neovim dependecies       |
|       6. [ ] haskell dependecies      |
|       7. [ ] additional languages     |
|       8. [ ] full                     |
|       9. [ ] all                      |
|                                       |
|          [i] install                  |
|          [u] uninstall                |
|          [b] back                     |
|          [q] quit                     |
|                                       |
+---------------------------------------+
:[H[2J[3J+--------[ debian setup script ]--------+
|                                       |
|         [ apt package groups ]        |
|                                       |
|       1. [x] core                     |
|       2. [ ] networking               |
|       3. [ ] c dev                    |
|       4. [ ] c xtras                  |
|       5. [ ] neovim dependecies       |
|       6. [ ] haskell dependecies      |
|       7. [ ] additional languages     |
|       8. [ ] full                     |
|       9. [ ] all                      |
|                                       |
|          [i] install                  |
|          [u] uninstall                |
|          [b] back                     |
|          [q] quit                     |
|                                       |
+---------------------------------------+
:[ proposed command ]

sudo apt-get install -y git ssh vim curl

[ approve execution? (y/n) ] > 
[ updating packages references ... ]
Hit:1 http://deb.debian.org/debian trixie InRelease
Get:2 http://deb.debian.org/debian trixie-updates InRelease [47.3 kB]
Get:3 http://security.debian.org/debian-security trixie-security InRelease [43.4 kB]
Get:4 http://ftp.debian.org/debian trixie-backports InRelease [54.0 kB]
Get:5 http://security.debian.org/debian-security trixie-security/main amd64 Packages [100 kB]
Get:6 http://ftp.debian.org/debian trixie-backports/main amd64 Packages.diff/Index [63.3 kB]
Get:7 http://security.debian.org/debian-security trixie-security/main Translation-en [64.2 kB]
Get:8 http://ftp.debian.org/debian trixie-backports/main Translation-en.diff/Index [63.3 kB]
Get:9 http://ftp.debian.org/debian trixie-backports/main amd64 Packages T-2026-02-07-1407.12-F-2026-02-01-1959.59.pdiff [15.4 kB]
Get:9 http://ftp.debian.org/debian trixie-backports/main amd64 Packages T-2026-02-07-1407.12-F-2026-02-01-1959.59.pdiff [15.4 kB]
Get:10 http://ftp.debian.org/debian trixie-backports/main Translation-en T-2026-02-07-1407.12-F-2026-02-03-0759.37.pdiff [6,498 B]
Get:10 http://ftp.debian.org/debian trixie-backports/main Translation-en T-2026-02-07-1407.12-F-2026-02-03-0759.37.pdiff [6,498 B]
Fetched 458 kB in 1s (744 kB/s)
Reading package lists...
[ packages references updated ]

[ installing package groups ... ]
sudo apt-get install -y git ssh vim curl
Reading package lists...
Building dependency tree...
Reading state information...
git is already the newest version (1:2.47.3-0+deb13u1).
ssh is already the newest version (1:10.0p1-7).
vim is already the newest version (2:9.1.1230-2).
curl is already the newest version (8.14.1-2+deb13u2).
0 upgraded, 0 newly installed, 0 to remove and 0 not upgraded.
[ package groups installed ]

[ updating and cleaning... ]
Hit:1 http://deb.debian.org/debian trixie InRelease
Hit:2 http://ftp.debian.org/debian trixie-backports InRelease
Hit:3 http://deb.debian.org/debian trixie-updates InRelease
Hit:4 http://security.debian.org/debian-security trixie-security InRelease
Reading package lists...
Reading package lists...
Building dependency tree...
Reading state information...
Calculating upgrade...
0 upgraded, 0 newly installed, 0 to remove and 0 not upgraded.
Reading package lists...
Building dependency tree...
Reading state information...
Reading package lists...
Building dependency tree...
Reading state information...
0 upgraded, 0 newly installed, 0 to remove and 0 not upgraded.
[ package refresh complete ]

added the following packages 
- [ git ]
- [ ssh ]
- [ vim ]
- [ curl ]

press any key to continue...[H[2J[3J+--------[ debian setup script ]--------+
|                                       |
|         [ apt package groups ]        |
|                                       |
|       1. [x] core                     |
|       2. [ ] networking               |
|       3. [ ] c dev                    |
|       4. [ ] c xtras                  |
|       5. [ ] neovim dependecies       |
|       6. [ ] haskell dependecies      |
|       7. [ ] additional languages     |
|       8. [ ] full                     |
|       9. [ ] all                      |
|                                       |
|          [i] install                  |
|          [u] uninstall                |
|          [b] back                     |
|          [q] quit                     |
|                                       |
+---------------------------------------+
:[H[2J[3J[H[2J[3J+--------[ debian setup script ]--------+
|                                       |
|            [ components ]             |
|                                       |
|          [1] apt packages             |
|          [2] rust                     |
|          [3] haskell                  |
|          [4] neovim                   |
|          [5] git repos                |
|          [6] docs                     |
|          [7] stow symlinks            |
|          [8] complete                 |
|                                       |
|          [q] quit                     |
|                                       |
+---------------------------------------+
:[H[2J[3J+--------[ debian setup script ]--------+
|                                       |
|         [ apt package groups ]        |
|                                       |
|       1. [ ] core                     |
|       2. [ ] networking               |
|       3. [ ] c dev                    |
|       4. [ ] c xtras                  |
|       5. [ ] neovim dependecies       |
|       6. [ ] haskell dependecies      |
|       7. [ ] additional languages     |
|       8. [ ] full                     |
|       9. [ ] all                      |
|                                       |
|          [i] install                  |
|          [u] uninstall                |
|          [b] back                     |
|          [q] quit                     |
|                                       |
+---------------------------------------+
:[H[2J[3J+--------[ debian setup script ]--------+
|                                       |
|         [ apt package groups ]        |
|                                       |
|       1. [x] core                     |
|       2. [ ] networking               |
|       3. [ ] c dev                    |
|       4. [ ] c xtras                  |
|       5. [ ] neovim dependecies       |
|       6. [ ] haskell dependecies      |
|       7. [ ] additional languages     |
|       8. [ ] full                     |
|       9. [ ] all                      |
|                                       |
|          [i] install                  |
|          [u] uninstall                |
|          [b] back                     |
|          [q] quit                     |
|                                       |
+---------------------------------------+
:[ proposed command ]

sudo apt-get install -y git ssh vim curl

[ approve execution? (y/n) ] > 
[ updating packages references ... ]
Hit:1 http://security.debian.org/debian-security trixie-security InRelease
Hit:2 http://deb.debian.org/debian trixie InRelease
Hit:3 http://deb.debian.org/debian trixie-updates InRelease
Hit:4 http://ftp.debian.org/debian trixie-backports InRelease
Reading package lists...
[ packages references updated ]

[ installing package groups ... ]
sudo apt-get install -y git ssh vim curl
Reading package lists...
Building dependency tree...
Reading state information...
git is already the newest version (1:2.47.3-0+deb13u1).
ssh is already the newest version (1:10.0p1-7).
vim is already the newest version (2:9.1.1230-2).
curl is already the newest version (8.14.1-2+deb13u2).
0 upgraded, 0 newly installed, 0 to remove and 0 not upgraded.
[ package groups installed ]

[ updating and cleaning... ]
Hit:1 http://deb.debian.org/debian trixie InRelease
Hit:2 http://security.debian.org/debian-security trixie-security InRelease
Hit:3 http://ftp.debian.org/debian trixie-backports InRelease
Hit:4 http://deb.debian.org/debian trixie-updates InRelease
Reading package lists...
Reading package lists...
Building dependency tree...
Reading state information...
Calculating upgrade...
0 upgraded, 0 newly installed, 0 to remove and 0 not upgraded.
Reading package lists...
Building dependency tree...
Reading state information...
Reading package lists...
Building dependency tree...
Reading state information...
0 upgraded, 0 newly installed, 0 to remove and 0 not upgraded.
[ package refresh complete ]

[ added the following packages... ]
- [ git ]
- [ ssh ]
- [ vim ]
- [ curl ]

[ press any key to continue ] > [H[2J[3J+--------[ debian setup script ]--------+
|                                       |
|         [ apt package groups ]        |
|                                       |
|       1. [x] core                     |
|       2. [ ] networking               |
|       3. [ ] c dev                    |
|       4. [ ] c xtras                  |
|       5. [ ] neovim dependecies       |
|       6. [ ] haskell dependecies      |
|       7. [ ] additional languages     |
|       8. [ ] full                     |
|       9. [ ] all                      |
|                                       |
|          [i] install                  |
|          [u] uninstall                |
|          [b] back                     |
|          [q] quit                     |
|                                       |
+---------------------------------------+
:[H[2J[3J[H[2J[3J+--------[ debian setup script ]--------+
|                                       |
|            [ components ]             |
|                                       |
|          [1] apt packages             |
|          [2] rust                     |
|          [3] haskell                  |
|          [4] neovim                   |
|          [5] git repos                |
|          [6] docs                     |
|          [7] stow symlinks            |
|          [8] complete                 |
|                                       |
|          [q] quit                     |
|                                       |
+---------------------------------------+
:[H[2J[3J[H[2J[3J+--------[ debian setup script ]--------+
|                                       |
|               [ rust ]                |
|                                       |
|             1. xxx rust               |
|             2. xxx crates             |
|                                       |
|              [i] install              |
|              [u] uninstall            |
|              [b] back                 |
|              [q] quit                 |
|                                       |
+---------------------------------------+
:[H[2J[3J[H[2J[3J+--------[ debian setup script ]--------+
|                                       |
|            [ components ]             |
|                                       |
|          [1] apt packages             |
|          [2] rust                     |
|          [3] haskell                  |
|          [4] neovim                   |
|          [5] git repos                |
|          [6] docs                     |
|          [7] stow symlinks            |
|          [8] complete                 |
|                                       |
|          [q] quit                     |
|                                       |
+---------------------------------------+
:[H[2J[3J+--------[ debian setup script ]--------+
|                                       |
|         [ apt package groups ]        |
|                                       |
|       1. [ ] core                     |
|       2. [ ] networking               |
|       3. [ ] c dev                    |
|       4. [ ] c xtras                  |
|       5. [ ] neovim dependecies       |
|       6. [ ] haskell dependecies      |
|       7. [ ] additional languages     |
|       8. [ ] full                     |
|       9. [ ] all                      |
|                                       |
|          [i] install                  |
|          [u] uninstall                |
|          [b] back                     |
|          [q] quit                     |
|                                       |
+---------------------------------------+
:[H[2J[3J+--------[ debian setup script ]--------+
|                                       |
|         [ apt package groups ]        |
|                                       |
|       1. [x] core                     |
|       2. [ ] networking               |
|       3. [ ] c dev                    |
|       4. [ ] c xtras                  |
|       5. [ ] neovim dependecies       |
|       6. [ ] haskell dependecies      |
|       7. [ ] additional languages     |
|       8. [ ] full                     |
|       9. [ ] all                      |
|                                       |
|          [i] install                  |
|          [u] uninstall                |
|          [b] back                     |
|          [q] quit                     |
|                                       |
+---------------------------------------+
:[H[2J[3J[H[2J[3J+--------[ debian setup script ]--------+
|                                       |
|            [ components ]             |
|                                       |
|          [1] apt packages             |
|          [2] rust                     |
|          [3] haskell                  |
|          [4] neovim                   |
|          [5] git repos                |
|          [6] docs                     |
|          [7] stow symlinks            |
|          [8] complete                 |
|                                       |
|          [q] quit                     |
|                                       |
+---------------------------------------+
:[H[2J[3J[H[2J[3J+--------[ debian setup script ]--------+
|                                       |
|               [ rust ]                |
|                                       |
|             1. [ ] rust               |
|             2. [ ] crates             |
|                                       |
|              [i] install              |
|              [u] uninstall            |
|              [b] back                 |
|              [q] quit                 |
|                                       |
+---------------------------------------+
:[H[2J[3J[H[2J[3J+--------[ debian setup script ]--------+
|                                       |
|               [ rust ]                |
|                                       |
|             1. [x] rust               |
|             2. [ ] crates             |
|                                       |
|              [i] install              |
|              [u] uninstall            |
|              [b] back                 |
|              [q] quit                 |
|                                       |
+---------------------------------------+
:[H[2J[3J[H[2J[3J+--------[ debian setup script ]--------+
|                                       |
|               [ rust ]                |
|                                       |
|             1. [x] rust               |
|             2. [x] crates             |
|                                       |
|              [i] install              |
|              [u] uninstall            |
|              [b] back                 |
|              [q] quit                 |
|                                       |
+---------------------------------------+
:[H[2J[3J[H[2J[3J+--------[ debian setup script ]--------+
|                                       |
|            [ components ]             |
|                                       |
|          [1] apt packages             |
|          [2] rust                     |
|          [3] haskell                  |
|          [4] neovim                   |
|          [5] git repos                |
|          [6] docs                     |
|          [7] stow symlinks            |
|          [8] complete                 |
|                                       |
|          [q] quit                     |
|                                       |
+---------------------------------------+
:[H[2J[3J+--------[ debian setup script ]--------+
|                                       |
|         [ apt package groups ]        |
|                                       |
|       1. [ ] core                     |
|       2. [ ] networking               |
|       3. [ ] c dev                    |
|       4. [ ] c xtras                  |
|       5. [ ] neovim dependecies       |
|       6. [ ] haskell dependecies      |
|       7. [ ] additional languages     |
|       8. [ ] full                     |
|       9. [ ] all                      |
|                                       |
|          [i] install                  |
|          [u] uninstall                |
|          [b] back                     |
|          [q] quit                     |
|                                       |
+---------------------------------------+
:[H[2J[3J+--------[ debian setup script ]--------+
|                                       |
|         [ apt package groups ]        |
|                                       |
|       1. [x] core                     |
|       2. [ ] networking               |
|       3. [ ] c dev                    |
|       4. [ ] c xtras                  |
|       5. [ ] neovim dependecies       |
|       6. [ ] haskell dependecies      |
|       7. [ ] additional languages     |
|       8. [ ] full                     |
|       9. [ ] all                      |
|                                       |
|          [i] install                  |
|          [u] uninstall                |
|          [b] back                     |
|          [q] quit                     |
|                                       |
+---------------------------------------+
:[H[2J[3J+--------[ debian setup script ]--------+
|                                       |
|         [ apt package groups ]        |
|                                       |
|       1. [x] core                     |
|       2. [x] networking               |
|       3. [ ] c dev                    |
|       4. [ ] c xtras                  |
|       5. [ ] neovim dependecies       |
|       6. [ ] haskell dependecies      |
|       7. [ ] additional languages     |
|       8. [ ] full                     |
|       9. [ ] all                      |
|                                       |
|          [i] install                  |
|          [u] uninstall                |
|          [b] back                     |
|          [q] quit                     |
|                                       |
+---------------------------------------+
:[ proposed command ]

sudo apt-get install -y git ssh vim curl iproute2 net-tools

[ approve execution? (y/n) ] > 
[ updating packages references ... ]
Hit:1 http://deb.debian.org/debian trixie InRelease
Hit:2 http://ftp.debian.org/debian trixie-backports InRelease
Hit:3 http://deb.debian.org/debian trixie-updates InRelease
Hit:4 http://security.debian.org/debian-security trixie-security InRelease
Reading package lists...
[ packages references updated ]

[ installing package groups ... ]
sudo apt-get install -y git ssh vim curl iproute2 net-tools
Reading package lists...
Building dependency tree...
Reading state information...
git is already the newest version (1:2.47.3-0+deb13u1).
ssh is already the newest version (1:10.0p1-7).
vim is already the newest version (2:9.1.1230-2).
curl is already the newest version (8.14.1-2+deb13u2).
iproute2 is already the newest version (6.15.0-1).
net-tools is already the newest version (2.10-1.3).
0 upgraded, 0 newly installed, 0 to remove and 0 not upgraded.
[ package groups installed ]

[ updating and cleaning... ]
Hit:1 http://deb.debian.org/debian trixie InRelease
Hit:2 http://security.debian.org/debian-security trixie-security InRelease
Hit:3 http://ftp.debian.org/debian trixie-backports InRelease
Hit:4 http://deb.debian.org/debian trixie-updates InRelease
Reading package lists...
Reading package lists...
Building dependency tree...
Reading state information...
Calculating upgrade...
0 upgraded, 0 newly installed, 0 to remove and 0 not upgraded.
Reading package lists...
Building dependency tree...
Reading state information...
Reading package lists...
Building dependency tree...
Reading state information...
0 upgraded, 0 newly installed, 0 to remove and 0 not upgraded.
[ package refresh complete ]

[ added the following packages... ]
- [ git ]
- [ ssh ]
- [ vim ]
- [ curl ]
- [ iproute2 ]
- [ net-tools ]

[ press any key to continue ] > [H[2J[3J+--------[ debian setup script ]--------+
|                                       |
|         [ apt package groups ]        |
|                                       |
|       1. [x] core                     |
|       2. [x] networking               |
|       3. [ ] c dev                    |
|       4. [ ] c xtras                  |
|       5. [ ] neovim dependecies       |
|       6. [ ] haskell dependecies      |
|       7. [ ] additional languages     |
|       8. [ ] full                     |
|       9. [ ] all                      |
|                                       |
|          [i] install                  |
|          [u] uninstall                |
|          [b] back                     |
|          [q] quit                     |
|                                       |
+---------------------------------------+
:[H[2J[3J[H[2J[3J+--------[ debian setup script ]--------+
|                                       |
|            [ components ]             |
|                                       |
|          [1] apt packages             |
|          [2] rust                     |
|          [3] haskell                  |
|          [4] neovim                   |
|          [5] git repos                |
|          [6] docs                     |
|          [7] stow symlinks            |
|          [8] complete                 |
|                                       |
|          [q] quit                     |
|                                       |
+---------------------------------------+
:[H[2J[3J[H[2J[3J+--------[ debian setup script ]--------+
|                                       |
|               [ rust ]                |
|                                       |
|             1. [ ] rust               |
|             2. [ ] crates             |
|                                       |
|              [i] install              |
|              [u] uninstall            |
|              [b] back                 |
|              [q] quit                 |
|                                       |
+---------------------------------------+
:[H[2J[3J[H[2J[3J+--------[ debian setup script ]--------+
|                                       |
|               [ rust ]                |
|                                       |
|             1. [x] rust               |
|             2. [ ] crates             |
|                                       |
|              [i] install              |
|              [u] uninstall            |
|              [b] back                 |
|              [q] quit                 |
|                                       |
+---------------------------------------+
:[H[2J[3J[H[2J[3J+--------[ debian setup script ]--------+
|                                       |
|               [ rust ]                |
|                                       |
|             1. [x] rust               |
|             2. [x] crates             |
|                                       |
|              [i] install              |
|              [u] uninstall            |
|              [b] back                 |
|              [q] quit                 |
|                                       |
+---------------------------------------+
:[H[2J[3J[H[2J[3J+--------[ debian setup script ]--------+
|                                       |
|               [ rust ]                |
|                                       |
|             1. [x] rust               |
|             2. [x] crates             |
|                                       |
|              [i] install              |
|              [u] uninstall            |
|              [b] back                 |
|              [q] quit                 |
|                                       |
+---------------------------------------+
:[H[2J[3J[H[2J[3J+--------[ debian setup script ]--------+
|                                       |
|            [ components ]             |
|                                       |
|          [1] apt packages             |
|          [2] rust                     |
|          [3] haskell                  |
|          [4] neovim                   |
|          [5] git repos                |
|          [6] docs                     |
|          [7] stow symlinks            |
|          [8] complete                 |
|                                       |
|          [q] quit                     |
|                                       |
+---------------------------------------+
:[H[2J[3J+--------[ debian setup script ]--------+
|                                       |
|         [ apt package groups ]        |
|                                       |
|       1. [ ] core                     |
|       2. [ ] networking               |
|       3. [ ] c dev                    |
|       4. [ ] c xtras                  |
|       5. [ ] neovim dependecies       |
|       6. [ ] haskell dependecies      |
|       7. [ ] additional languages     |
|       8. [ ] full                     |
|       9. [ ] all                      |
|                                       |
|          [i] install                  |
|          [u] uninstall                |
|          [b] back                     |
|          [q] quit                     |
|                                       |
+---------------------------------------+
:[H[2J[3J[H[2J[3J+--------[ debian setup script ]--------+
|                                       |
|            [ components ]             |
|                                       |
|          [1] apt packages             |
|          [2] rust                     |
|          [3] haskell                  |
|          [4] neovim                   |
|          [5] git repos                |
|          [6] docs                     |
|          [7] stow symlinks            |
|          [8] complete                 |
|                                       |
|          [q] quit                     |
|                                       |
+---------------------------------------+
:[H[2J[3J[H[2J[3J+--------[ debian setup script ]--------+
|                                       |
|               [ rust ]                |
|                                       |
|             1. [ ] rust               |
|             2. [ ] crates             |
|                                       |
|              [i] install              |
|              [u] uninstall            |
|              [b] back                 |
|              [q] quit                 |
|                                       |
+---------------------------------------+
:[H[2J[3J[H[2J[3J+--------[ debian setup script ]--------+
|                                       |
|               [ rust ]                |
|                                       |
|             1. [x] rust               |
|             2. [ ] crates             |
|                                       |
|              [i] install              |
|              [u] uninstall            |
|              [b] back                 |
|              [q] quit                 |
|                                       |
+---------------------------------------+
:
[ installing rust... ]
info: downloading installer
warn: It looks like you have an existing rustup settings file at:
warn: /home/s/.rustup/settings.toml
warn: Rustup will install the default toolchain as specified in the settings file,
warn: instead of the one inferred from the default host triple.
info: profile set to 'default'
info: default host triple is x86_64-unknown-linux-gnu
warn: Updating existing toolchain, profile choice will be ignored
info: syncing channel updates for 'stable-x86_64-unknown-linux-gnu'
info: default toolchain set to 'stable-x86_64-unknown-linux-gnu'

  stable-x86_64-unknown-linux-gnu unchanged - rustc 1.93.0 (254b59607 2026-01-19)


Rust is installed now. Great!

To get started you may need to restart your current shell.
This would reload your PATH environment variable to include
Cargo's bin directory ($HOME/.cargo/bin).

To configure your current shell, you need to source
the corresponding env file under $HOME/.cargo.

This is usually done by running one of the following (note the leading DOT):
. "$HOME/.cargo/env"            # For sh/bash/zsh/ash/dash/pdksh
source "$HOME/.cargo/env.fish"  # For fish
source $"($nu.home-path)/.cargo/env.nu"  # For nushell
info: checking for self-update
  rustup unchanged - 1.28.2

info: syncing channel updates for 'stable-x86_64-unknown-linux-gnu'
info: checking for self-update

  stable-x86_64-unknown-linux-gnu unchanged - rustc 1.93.0 (254b59607 2026-01-19)

info: cleaning up downloads & tmp directories
[ rust installed ]

[H[2J[3J[H[2J[3J+--------[ debian setup script ]--------+
|                                       |
|               [ rust ]                |
|                                       |
|             1. [x] rust               |
|             2. [ ] crates             |
|                                       |
|              [i] install              |
|              [u] uninstall            |
|              [b] back                 |
|              [q] quit                 |
|                                       |
+---------------------------------------+
:[H[2J[3J[H[2J[3J+--------[ debian setup script ]--------+
|                                       |
|            [ components ]             |
|                                       |
|          [1] apt packages             |
|          [2] rust                     |
|          [3] haskell                  |
|          [4] neovim                   |
|          [5] git repos                |
|          [6] docs                     |
|          [7] stow symlinks            |
|          [8] complete                 |
|                                       |
|          [q] quit                     |
|                                       |
+---------------------------------------+
:[H[2J[3J[H[2J[3J+--------[ debian setup script ]--------+
|                                       |
|               [ rust ]                |
|                                       |
|             1. [ ] rust               |
|             2. [ ] crates             |
|                                       |
|              [i] install              |
|              [u] uninstall            |
|              [b] back                 |
|              [q] quit                 |
|                                       |
+---------------------------------------+
:[H[2J[3J[H[2J[3J+--------[ debian setup script ]--------+
|                                       |
|               [ rust ]                |
|                                       |
|             1. [x] rust               |
|             2. [ ] crates             |
|                                       |
|              [i] install              |
|              [u] uninstall            |
|              [b] back                 |
|              [q] quit                 |
|                                       |
+---------------------------------------+
:[H[2J[3J[H[2J[3J+--------[ debian setup script ]--------+
|                                       |
|               [ rust ]                |
|                                       |
|             1. [x] rust               |
|             2. [x] crates             |
|                                       |
|              [i] install              |
|              [u] uninstall            |
|              [b] back                 |
|              [q] quit                 |
|                                       |
+---------------------------------------+
:
[ installing rust... ]
info: downloading installer
warn: It looks like you have an existing rustup settings file at:
warn: /home/s/.rustup/settings.toml
warn: Rustup will install the default toolchain as specified in the settings file,
warn: instead of the one inferred from the default host triple.
info: profile set to 'default'
info: default host triple is x86_64-unknown-linux-gnu
warn: Updating existing toolchain, profile choice will be ignored
info: syncing channel updates for 'stable-x86_64-unknown-linux-gnu'
info: default toolchain set to 'stable-x86_64-unknown-linux-gnu'

  stable-x86_64-unknown-linux-gnu unchanged - rustc 1.93.0 (254b59607 2026-01-19)


Rust is installed now. Great!

To get started you may need to restart your current shell.
This would reload your PATH environment variable to include
Cargo's bin directory ($HOME/.cargo/bin).

To configure your current shell, you need to source
the corresponding env file under $HOME/.cargo.

This is usually done by running one of the following (note the leading DOT):
. "$HOME/.cargo/env"            # For sh/bash/zsh/ash/dash/pdksh
source "$HOME/.cargo/env.fish"  # For fish
source $"($nu.home-path)/.cargo/env.nu"  # For nushell
info: checking for self-update
  rustup unchanged - 1.28.2

info: syncing channel updates for 'stable-x86_64-unknown-linux-gnu'
info: checking for self-update

  stable-x86_64-unknown-linux-gnu unchanged - rustc 1.93.0 (254b59607 2026-01-19)

info: cleaning up downloads & tmp directories
[ rust installed ]


[ installing crates... ]
installing eza...
    Updating crates.io index
     Ignored package `eza v0.23.4` is already installed, use --force to override
installing bat...
    Updating crates.io index
     Ignored package `bat v0.26.1` is already installed, use --force to override
installing ripgrep...
    Updating crates.io index
     Ignored package `ripgrep v15.1.0` is already installed, use --force to override
installing --locked tree-sitter-cli...
    Updating crates.io index
 Downloading crates ...
  Downloaded tree-sitter-cli v0.26.5
  Installing tree-sitter-cli v0.26.5
    Updating crates.io index
    Updating crates.io index
 Downloading crates ...
  Downloaded tree-sitter-language v0.1.7
  Downloaded tree-sitter-tags v0.26.5
  Downloaded tree-sitter-config v0.26.5
  Downloaded tree-sitter-highlight v0.26.5
  Downloaded tree-sitter-loader v0.26.5
  Downloaded tree-sitter-generate v0.26.5
  Downloaded tree-sitter v0.26.5
   Compiling proc-macro2 v1.0.103
   Compiling unicode-ident v1.0.22
   Compiling quote v1.0.42
   Compiling memchr v2.7.6
   Compiling shlex v1.3.0
   Compiling find-msvc-tools v0.1.5
   Compiling foldhash v0.2.0
   Compiling allocator-api2 v0.2.21
   Compiling equivalent v1.0.2
   Compiling cfg-if v1.0.4
   Compiling glob v0.3.3
   Compiling stable_deref_trait v1.2.1
   Compiling prettyplease v0.2.37
   Compiling serde_core v1.0.228
   Compiling libc v0.2.178
   Compiling regex-syntax v0.8.8
   Compiling minimal-lexical v0.2.1
   Compiling libloading v0.8.9
   Compiling bindgen v0.72.1
   Compiling either v1.15.0
   Compiling cc v1.2.49
   Compiling log v0.4.29
   Compiling itertools v0.13.0
   Compiling hashbrown v0.16.1
   Compiling clang-sys v1.8.1
   Compiling rustc-hash v2.1.1
   Compiling bitflags v2.10.0
   Compiling serde_json v1.0.145
   Compiling nom v7.1.3
   Compiling serde v1.0.228
   Compiling tree-sitter-language v0.1.7
   Compiling ryu v1.0.20
   Compiling itoa v1.0.15
   Compiling aho-corasick v1.1.4
   Compiling litemap v0.8.1
   Compiling indexmap v2.12.1
   Compiling writeable v0.6.2
   Compiling syn v2.0.111
   Compiling icu_normalizer_data v2.1.1
   Compiling thiserror v2.0.17
   Compiling regex-automata v0.4.13
   Compiling icu_properties_data v2.1.2
   Compiling winnow v0.7.14
   Compiling utf8parse v0.2.2
   Compiling anstyle-parse v0.2.7
   Compiling zerocopy v0.8.31
   Compiling toml_datetime v0.7.3
   Compiling getrandom v0.3.4
   Compiling smallvec v1.15.1
   Compiling siphasher v1.0.1
   Compiling colorchoice v1.0.4
   Compiling is_terminal_polyfill v1.70.2
   Compiling rustix v1.1.2
   Compiling anstyle-query v1.1.5
   Compiling cexpr v0.6.0
   Compiling anstyle v1.0.13
   Compiling phf_shared v0.13.1
   Compiling clap_lex v0.7.6
   Compiling relative-path v2.0.1
   Compiling heck v0.5.0
   Compiling anstream v0.6.21
   Compiling strsim v0.11.1
   Compiling streaming-iterator v0.1.9
   Compiling fastrand v2.3.0
   Compiling unicode-segmentation v1.12.0
   Compiling cfg_aliases v0.2.1
   Compiling linux-raw-sys v0.11.0
   Compiling once_cell v1.21.3
   Compiling rustix v0.38.44
   Compiling clap_builder v4.5.53
   Compiling phf_generator v0.13.1
   Compiling convert_case v0.8.0
   Compiling nix v0.30.1
   Compiling phf v0.13.1
   Compiling regex v1.12.2
   Compiling semver v1.0.27
   Compiling getrandom v0.2.16
   Compiling ref-cast v1.0.25
   Compiling toml_parser v1.0.4
   Compiling fnv v1.0.7
   Compiling utf8_iter v1.0.4
   Compiling percent-encoding v2.3.2
   Compiling thiserror v1.0.69
   Compiling linux-raw-sys v0.4.15
   Compiling ident_case v1.0.1
   Compiling toml_edit v0.23.9
   Compiling form_urlencoded v1.2.2
   Compiling rand_core v0.6.4
   Compiling etcetera v0.11.0
   Compiling thread_local v1.1.9
   Compiling wasmparser v0.243.0
   Compiling tree-sitter v0.26.5
   Compiling tree-sitter-loader v0.26.5
   Compiling crc32fast v1.5.0
   Compiling proc-macro-crate v3.4.0
   Compiling foldhash v0.1.5
   Compiling indoc v2.0.7
   Compiling unicode-width v0.2.2
   Compiling bytemuck v1.24.0
   Compiling tempfile v3.23.0
   Compiling anyhow v1.0.100
   Compiling ppv-lite86 v0.2.21
   Compiling rgb v0.8.52
   Compiling console v0.15.11
   Compiling synstructure v0.13.2
   Compiling serde_derive_internals v0.29.1
   Compiling rand_chacha v0.3.1
   Compiling fuzzy-matcher v0.3.7
   Compiling fs4 v0.12.0
   Compiling libloading v0.9.0
   Compiling pathdiff v0.2.3
   Compiling dyn-clone v1.0.20
   Compiling topological-sort v0.2.2
   Compiling chunked_transfer v1.5.0
   Compiling shell-words v1.1.1
   Compiling ascii v1.1.0
   Compiling zeroize v1.8.2
   Compiling tree-sitter-cli v0.26.5
   Compiling httpdate v1.0.3
   Compiling zerofrom-derive v0.1.6
   Compiling yoke-derive v0.8.1
   Compiling zerovec-derive v0.11.2
   Compiling displaydoc v0.2.5
   Compiling serde_derive v1.0.228
   Compiling thiserror-impl v2.0.17
   Compiling clap_derive v4.5.49
   Compiling thiserror-impl v1.0.69
   Compiling ref-cast-impl v1.0.25
   Compiling schemars_derive v1.1.0
   Compiling smallbitvec v2.6.0
   Compiling zerofrom v0.1.6
   Compiling same-file v1.0.6
   Compiling utf8-width v0.1.8
   Compiling yoke v0.8.1
   Compiling dunce v1.0.5
   Compiling walkdir v2.5.0
   Compiling html-escape v0.2.13
   Compiling ctor v0.2.9
   Compiling tiny_http v0.12.0
   Compiling zerovec v0.11.5
   Compiling zerotrie v0.2.3
   Compiling ctrlc v3.5.1
   Compiling bstr v1.12.1
   Compiling dialoguer v0.11.0
   Compiling tinystr v0.8.2
   Compiling potential_utf v0.1.4
   Compiling rand v0.8.5
   Compiling icu_collections v2.1.1
   Compiling icu_locale_core v2.1.1
   Compiling ansi_colours v1.2.3
   Compiling clap v4.5.53
   Compiling clap_complete v4.5.61
   Compiling clap_complete_nushell v4.5.10
   Compiling similar v2.7.0
   Compiling icu_provider v2.1.1
   Compiling icu_properties v2.1.2
   Compiling icu_normalizer v2.1.1
   Compiling hashbrown v0.15.5
   Compiling tree-sitter-config v0.26.5
   Compiling schemars v1.1.0
   Compiling idna_adapter v1.2.1
   Compiling idna v1.1.0
   Compiling rquickjs-sys v0.10.0
   Compiling url v2.5.7
   Compiling webbrowser v1.0.6
   Compiling tree-sitter-highlight v0.26.5
   Compiling tree-sitter-tags v0.26.5
   Compiling rquickjs-core v0.10.0
   Compiling rquickjs-macro v0.10.0
   Compiling rquickjs v0.10.0
   Compiling tree-sitter-generate v0.26.5
    Finished `release` profile [optimized] target(s) in 1m 27s
   Replacing /home/s/.cargo/bin/tree-sitter
    Replaced package `tree-sitter-cli v0.26.3` with `tree-sitter-cli v0.26.5` (executable `tree-sitter`)
[ crates installed ]

[H[2J[3J[H[2J[3J+--------[ debian setup script ]--------+
|                                       |
|               [ rust ]                |
|                                       |
|             1. [x] rust               |
|             2. [x] crates             |
|                                       |
|              [i] install              |
|              [u] uninstall            |
|              [b] back                 |
|              [q] quit                 |
|                                       |
+---------------------------------------+
:[H[2J[3J[H[2J[3J+--------[ debian setup script ]--------+
|                                       |
|            [ components ]             |
|                                       |
|          [1] apt packages             |
|          [2] rust                     |
|          [3] haskell                  |
|          [4] neovim                   |
|          [5] git repos                |
|          [6] docs                     |
|          [7] stow symlinks            |
|          [8] complete                 |
|                                       |
|          [q] quit                     |
|                                       |
+---------------------------------------+
:[H[2J[3J[H[2J[3J+--------[ debian setup script ]--------+
|                                       |
|            [ components ]             |
|                                       |
|          [1] apt packages             |
|          [2] rust                     |
|          [3] haskell                  |
|          [4] neovim                   |
|          [5] git repos                |
|          [6] docs                     |
|          [7] stow symlinks            |
|          [8] complete                 |
|                                       |
|          [q] quit                     |
|                                       |
+---------------------------------------+
:[H[2J[3J[H[2J[3J+--------[ debian setup script ]--------+
|                                       |
|            [ components ]             |
|                                       |
|          [1] apt packages             |
|          [2] rust                     |
|          [3] haskell                  |
|          [4] neovim                   |
|          [5] git repos                |
|          [6] docs                     |
|          [7] stow symlinks            |
|          [8] complete                 |
|                                       |
|          [q] quit                     |
|                                       |
+---------------------------------------+
:[H[2J[3J+--------[ debian setup script ]--------+
|                                       |
|         [ apt package groups ]        |
|                                       |
|       1. [ ] core                     |
|       2. [ ] networking               |
|       3. [ ] c dev                    |
|       4. [ ] c xtras                  |
|       5. [ ] neovim dependecies       |
|       6. [ ] haskell dependecies      |
|       7. [ ] additional languages     |
|       8. [ ] full                     |
|       9. [ ] all                      |
|                                       |
|          [i] install                  |
|          [u] uninstall                |
|          [b] back                     |
|          [q] quit                     |
|                                       |
+---------------------------------------+
:[H[2J[3J+--------[ debian setup script ]--------+
|                                       |
|         [ apt package groups ]        |
|                                       |
|       1. [ ] core                     |
|       2. [ ] networking               |
|       3. [ ] c dev                    |
|       4. [ ] c xtras                  |
|       5. [ ] neovim dependecies       |
|       6. [ ] haskell dependecies      |
|       7. [ ] additional languages     |
|       8. [ ] full                     |
|       9. [ ] all                      |
|                                       |
|          [i] install                  |
|          [u] uninstall                |
|          [b] back                     |
|          [q] quit                     |
|                                       |
+---------------------------------------+
[invalid selection]:[H[2J[3J+--------[ debian setup script ]--------+
|                                       |
|         [ apt package groups ]        |
|                                       |
|       1. [ ] core                     |
|       2. [ ] networking               |
|       3. [ ] c dev                    |
|       4. [ ] c xtras                  |
|       5. [ ] neovim dependecies       |
|       6. [ ] haskell dependecies      |
|       7. [ ] additional languages     |
|       8. [ ] full                     |
|       9. [ ] all                      |
|                                       |
|          [i] install                  |
|          [u] uninstall                |
|          [b] back                     |
|          [q] quit                     |
|                                       |
+---------------------------------------+
[invalid selection]:[H[2J[3J+--------[ debian setup script ]--------+
|                                       |
|         [ apt package groups ]        |
|                                       |
|       1. [x] core                     |
|       2. [ ] networking               |
|       3. [ ] c dev                    |
|       4. [ ] c xtras                  |
|       5. [ ] neovim dependecies       |
|       6. [ ] haskell dependecies      |
|       7. [ ] additional languages     |
|       8. [ ] full                     |
|       9. [ ] all                      |
|                                       |
|          [i] install                  |
|          [u] uninstall                |
|          [b] back                     |
|          [q] quit                     |
|                                       |
+---------------------------------------+
:[H[2J[3J+--------[ debian setup script ]--------+
|                                       |
|         [ apt package groups ]        |
|                                       |
|       1. [x] core                     |
|       2. [x] networking               |
|       3. [ ] c dev                    |
|       4. [ ] c xtras                  |
|       5. [ ] neovim dependecies       |
|       6. [ ] haskell dependecies      |
|       7. [ ] additional languages     |
|       8. [ ] full                     |
|       9. [ ] all                      |
|                                       |
|          [i] install                  |
|          [u] uninstall                |
|          [b] back                     |
|          [q] quit                     |
|                                       |
+---------------------------------------+
:[H[2J[3J+--------[ debian setup script ]--------+
|                                       |
|         [ apt package groups ]        |
|                                       |
|       1. [x] core                     |
|       2. [x] networking               |
|       3. [x] c dev                    |
|       4. [ ] c xtras                  |
|       5. [ ] neovim dependecies       |
|       6. [ ] haskell dependecies      |
|       7. [ ] additional languages     |
|       8. [ ] full                     |
|       9. [ ] all                      |
|                                       |
|          [i] install                  |
|          [u] uninstall                |
|          [b] back                     |
|          [q] quit                     |
|                                       |
+---------------------------------------+
:[ proposed command ]

sudo apt-get install -y git ssh vim curl iproute2 net-tools build-essential valgrind gdb lldb cmake clang clang-tools

[ approve execution? (y/n) ] > 
[ aborting install ]
[H[2J[3J+--------[ debian setup script ]--------+
|                                       |
|         [ apt package groups ]        |
|                                       |
|       1. [x] core                     |
|       2. [x] networking               |
|       3. [x] c dev                    |
|       4. [ ] c xtras                  |
|       5. [ ] neovim dependecies       |
|       6. [ ] haskell dependecies      |
|       7. [ ] additional languages     |
|       8. [ ] full                     |
|       9. [ ] all                      |
|                                       |
|          [i] install                  |
|          [u] uninstall                |
|          [b] back                     |
|          [q] quit                     |
|                                       |
+---------------------------------------+
:[ proposed command ]

sudo apt-get install -y git ssh vim curl iproute2 net-tools build-essential valgrind gdb lldb cmake clang clang-tools

[ approve execution? (y/n) ] > 
[ updating packages references ... ]
Hit:1 http://deb.debian.org/debian trixie InRelease
Hit:2 http://security.debian.org/debian-security trixie-security InRelease
Hit:3 http://deb.debian.org/debian trixie-updates InRelease
Hit:4 http://ftp.debian.org/debian trixie-backports InRelease
Reading package lists...
[ packages references updated ]

[ installing package groups ... ]
sudo apt-get install -y git ssh vim curl iproute2 net-tools build-essential valgrind gdb lldb cmake clang clang-tools
Reading package lists...
Building dependency tree...
Reading state information...
git is already the newest version (1:2.47.3-0+deb13u1).
ssh is already the newest version (1:10.0p1-7).
vim is already the newest version (2:9.1.1230-2).
curl is already the newest version (8.14.1-2+deb13u2).
iproute2 is already the newest version (6.15.0-1).
net-tools is already the newest version (2.10-1.3).
build-essential is already the newest version (12.12).
valgrind is already the newest version (1:3.24.0-3).
gdb is already the newest version (16.3-1).
lldb is already the newest version (1:19.0-63).
cmake is already the newest version (3.31.6-2).
clang is already the newest version (1:19.0-63).
clang-tools is already the newest version (1:19.0-63).
0 upgraded, 0 newly installed, 0 to remove and 0 not upgraded.
[ package groups installed ]

[ updating and cleaning... ]
Hit:1 http://deb.debian.org/debian trixie InRelease
Hit:2 http://security.debian.org/debian-security trixie-security InRelease
Hit:3 http://ftp.debian.org/debian trixie-backports InRelease
Hit:4 http://deb.debian.org/debian trixie-updates InRelease
Reading package lists...
Reading package lists...
Building dependency tree...
Reading state information...
Calculating upgrade...
0 upgraded, 0 newly installed, 0 to remove and 0 not upgraded.
Reading package lists...
Building dependency tree...
Reading state information...
Reading package lists...
Building dependency tree...
Reading state information...
0 upgraded, 0 newly installed, 0 to remove and 0 not upgraded.
[ package refresh complete ]

[ added the following packages... ]
- [ git ]
- [ ssh ]
- [ vim ]
- [ curl ]
- [ iproute2 ]
- [ net-tools ]
- [ build-essential ]
- [ valgrind ]
- [ gdb ]
- [ lldb ]
- [ cmake ]
- [ clang ]
- [ clang-tools ]

[ press any key to continue ] > [H[2J[3J+--------[ debian setup script ]--------+
|                                       |
|         [ apt package groups ]        |
|                                       |
|       1. [x] core                     |
|       2. [x] networking               |
|       3. [x] c dev                    |
|       4. [ ] c xtras                  |
|       5. [ ] neovim dependecies       |
|       6. [ ] haskell dependecies      |
|       7. [ ] additional languages     |
|       8. [ ] full                     |
|       9. [ ] all                      |
|                                       |
|          [i] install                  |
|          [u] uninstall                |
|          [b] back                     |
|          [q] quit                     |
|                                       |
+---------------------------------------+
:[H[2J[3J[H[2J[3J+--------[ debian setup script ]--------+
|                                       |
|            [ components ]             |
|                                       |
|          [1] apt packages             |
|          [2] rust                     |
|          [3] haskell                  |
|          [4] neovim                   |
|          [5] git repos                |
|          [6] docs                     |
|          [7] stow symlinks            |
|          [8] complete                 |
|                                       |
|          [q] quit                     |
|                                       |
+---------------------------------------+
:[H[2J[3J[H[2J[3J+--------[ debian setup script ]--------+
|                                       |
|            [ components ]             |
|                                       |
|          [1] apt packages             |
|          [2] rust                     |
|          [3] haskell                  |
|          [4] neovim                   |
|          [5] git repos                |
|          [6] docs                     |
|          [7] stow symlinks            |
|          [8] complete                 |
|                                       |
|          [q] quit                     |
|                                       |
+---------------------------------------+
:[H[2J[3J[H[2J[3J+--------[ debian setup script ]--------+
|                                       |
|            [ components ]             |
|                                       |
|          [1] apt packages             |
|          [2] rust                     |
|          [3] haskell                  |
|          [4] neovim                   |
|          [5] git repos                |
|          [6] docs                     |
|          [7] stow symlinks            |
|          [8] complete                 |
|                                       |
|          [q] quit                     |
|                                       |
+---------------------------------------+
:[H[2J[3J[H[2J[3J+--------[ debian setup script ]--------+
|                                       |
|            [ components ]             |
|                                       |
|          [1] apt packages             |
|          [2] rust                     |
|          [3] haskell                  |
|          [4] neovim                   |
|          [5] git repos                |
|          [6] docs                     |
|          [7] stow symlinks            |
|          [8] complete                 |
|                                       |
|          [q] quit                     |
|                                       |
+---------------------------------------+
:[H[2J[3J+--------[ debian setup script ]--------+
|                                       |
|         [ apt package groups ]        |
|                                       |
|       1. [ ] core                     |
|       2. [ ] networking               |
|       3. [ ] c dev                    |
|       4. [ ] c xtras                  |
|       5. [ ] neovim dependecies       |
|       6. [ ] haskell dependecies      |
|       7. [ ] additional languages     |
|       8. [ ] full                     |
|       9. [ ] all                      |
|                                       |
|          [i] install                  |
|          [u] uninstall                |
|          [b] back                     |
|          [q] quit                     |
|                                       |
+---------------------------------------+
:[H[2J[3J[H[2J[3J+--------[ debian setup script ]--------+
|                                       |
|            [ components ]             |
|                                       |
|          [1] apt packages             |
|          [2] rust                     |
|          [3] haskell                  |
|          [4] neovim                   |
|          [5] git repos                |
|          [6] docs                     |
|          [7] stow symlinks            |
|          [8] complete                 |
|                                       |
|          [q] quit                     |
|                                       |
+---------------------------------------+
:[H[2J[3J[H[2J[3J+--------[ debian setup script ]--------+
|                                       |
|            [ components ]             |
|                                       |
|          [1] apt packages             |
|          [2] rust                     |
|          [3] haskell                  |
|          [4] neovim                   |
|          [5] git repos                |
|          [6] docs                     |
|          [7] stow symlinks            |
|          [8] complete                 |
|                                       |
|          [q] quit                     |
|                                       |
+---------------------------------------+
:[H[2J[3J[H[2J[3J+--------[ debian setup script ]--------+
|                                       |
|            [ components ]             |
|                                       |
|          [1] apt packages             |
|          [2] rust                     |
|          [3] haskell                  |
|          [4] neovim                   |
|          [5] git repos                |
|          [6] docs                     |
|          [7] stow symlinks            |
|          [8] complete                 |
|                                       |
|          [q] quit                     |
|                                       |
+---------------------------------------+
:[H[2J[3J[H[2J[3J+--------[ debian setup script ]--------+
|                                       |
|            [ components ]             |
|                                       |
|          [1] apt packages             |
|          [2] rust                     |
|          [3] haskell                  |
|          [4] neovim                   |
|          [5] git repos                |
|          [6] docs                     |
|          [7] stow symlinks            |
|          [8] complete                 |
|                                       |
|          [q] quit                     |
|                                       |
+---------------------------------------+
:[H[2J[3J[H[2J[3J+--------[ debian setup script ]--------+
|                                       |
|            [ components ]             |
|                                       |
|          [1] apt packages             |
|          [2] rust                     |
|          [3] haskell                  |
|          [4] neovim                   |
|          [5] git repos                |
|          [6] docs                     |
|          [7] stow symlinks            |
|          [8] complete                 |
|                                       |
|          [q] quit                     |
|                                       |
+---------------------------------------+
:[H[2J[3J[H[2J[3J+--------[ debian setup script ]--------+
|                                       |
|              [ haskell ]              |
|                                       |
|              [i] install              |
|              [u] uninstall            |
|              [b] back                 |
|              [q] quit                 |
|                                       |
+---------------------------------------+
:
[ installing haskell... ]

Welcome to Haskell!

This script can download and install the following binaries:
  * ghcup - The Haskell toolchain installer
  * ghc   - The Glasgow Haskell Compiler
  * cabal - The Cabal build tool for managing Haskell software
  * stack - A cross-platform program for developing Haskell projects (similar to cabal)
  * hls   - (optional) A language server for developers to integrate with their editor/IDE

ghcup installs only into the following directory,
which can be removed anytime:
  /home/s/.ghcup

[1m[92m[ Info  ][0m[0m downloading: https://raw.githubusercontent.com/haskell/ghcup-metadata/master/ghcup-0.0.9.yaml as file /home/s/.ghcup/cache/ghcup-0.0.9.yaml
  % Total    % Received % Xferd  Average Speed   Time    Time     Time  Current
                                 Dload  Upload   Total   Spent    Left  Speed
  0     0    0     0    0     0      0      0 --:--:-- --:--:-- --:--:--     0100  589k  100  589k    0     0  1890k      0 --:--:-- --:--:-- --:--:-- 1894k
[1m[92m[ Info  ][0m[0m Upgrading GHCup...
[1m[93m[ Warn  ][0m[0m No GHCup update available

System requirements 
  Please ensure the following distro packages are installed before continuing (you can exit ghcup and return at any time): build-essential curl libffi-dev libffi8 libgmp-dev libgmp10 libncurses-dev libncurses6 libtinfo6 pkg-config
[1m[93m[ Warn  ][0m[0m []8;;https://errors.haskell.org/messages/GHCup-00110\GHCup-00110]8;;\] ghc-9.14.1 is already installed; if you really want to reinstall it, you may want to run 'ghcup install ghc --force 9.14.1'
[1m[93m[ Warn  ][0m[0m GHC-9.14.1 appears to have no corresponding HLS-2.12.0.0 binary.
[1m[93m[ ...   ] [0m[0mHaskell IDE support may not work.
[1m[93m[ ...   ] [0m[0mYou can try to either: 
[1m[93m[ ...   ] [0m[0m  1. Install a different HLS version (e.g. downgrade for older GHCs)
[1m[93m[ ...   ] [0m[0m  2. Install and set one of the following GHCs: [9.12.2, 9.10.3, 9.8.4, 9.6.7]
[1m[93m[ ...   ] [0m[0m  3. Let GHCup compile HLS for you, e.g. run: ghcup compile hls -g 2.12.0.0 --ghc 9.14.1 --cabal-update
[1m[93m[ ...   ] [0m[0m     (see https://www.haskell.org/ghcup/guide/#hls for more information)
[1m[92m[ Info  ][0m[0m GHC 9.14.1 successfully set as default version
[1m[93m[ Warn  ][0m[0m []8;;https://errors.haskell.org/messages/GHCup-00110\GHCup-00110]8;;\] cabal-3.16.1.0 is already installed; if you really want to reinstall it, you may want to run 'ghcup install cabal --force 3.16.1.0'
Downloading the latest package list from hackage.haskell.org
Package list of hackage.haskell.org has been updated.
The index-state is set to 2026-02-08T05:21:51Z.
To revert to previous state run:
    cabal v2-update 'hackage.haskell.org,2026-01-20T06:05:28Z'
[1m[92m[ Info  ][0m[0m downloading: https://downloads.haskell.org/~ghcup/unofficial-bindists/haskell-language-server/2.13.0.0/haskell-language-server-2.13.0.0-x86_64-linux-deb13.tar.xz as file /home/s/.ghcup/cache/haskell-language-server-2.13.0.0-x86_64-linux-deb13.tar.xz
  % Total    % Received % Xferd  Average Speed   Time    Time     Time  Current
                                 Dload  Upload   Total   Spent    Left  Speed
  0     0    0     0    0     0      0      0 --:--:-- --:--:-- --:--:--     0  1  216M    1 2271k    0     0  3614k      0  0:01:01 --:--:--  0:01:01 3612k  7  216M    7 15.5M    0     0  9768k      0  0:00:22  0:00:01  0:00:21 9765k 16  216M   16 36.5M    0     0  13.8M      0  0:00:15  0:00:02  0:00:13 13.8M 25  216M   25 55.2M    0     0  15.2M      0  0:00:14  0:00:03  0:00:11 15.2M 34  216M   34 74.7M    0     0  16.1M      0  0:00:13  0:00:04  0:00:09 16.1M 42  216M   42 92.4M    0     0  16.4M      0  0:00:13  0:00:05  0:00:08 18.0M 49  216M   49  106M    0     0  16.0M      0  0:00:13  0:00:06  0:00:07 18.1M 56  216M   56  121M    0     0  15.9M      0  0:00:13  0:00:07  0:00:06 17.0M 63  216M   63  138M    0     0  16.0M      0  0:00:13  0:00:08  0:00:05 16.6M 70  216M   70  153M    0     0  15.8M      0  0:00:13  0:00:09  0:00:04 15.6M 76  216M   76  165M    0     0  15.5M      0  0:00:13  0:00:10  0:00:03 14.5M 79  216M   79  171M    0     0  14.7M      0  0:00:14  0:00:11  0:00:03 13.0M 82  216M   82  179M    0     0  14.1M      0  0:00:15  0:00:12  0:00:03 11.5M 87  216M   87  189M    0     0  13.8M      0  0:00:15  0:00:13  0:00:02 10.2M 93  216M   93  201M    0     0  13.7M      0  0:00:15  0:00:14  0:00:01 9935k 96  216M   96  209M    0     0  13.3M      0  0:00:16  0:00:15  0:00:01 8934k100  216M  100  216M    0     0  13.3M      0  0:00:16  0:00:16 --:--:--  9.7M
[1m[92m[ Info  ][0m[0m verifying digest of: haskell-language-server-2.13.0.0-x86_64-linux-deb13.tar.xz
[1m[92m[ Info  ][0m[0m Unpacking: haskell-language-server-2.13.0.0-x86_64-linux-deb13.tar.xz to /home/s/.ghcup/tmp/ghcup-520101ae967e2713
[1m[92m[ Info  ][0m[0m Installing HLS






[6A[0J[1m[92m[ Info  ][0m[0m Merging file tree from "/home/s/.ghcup/tmp/ghcup-c4ed17554bdcef00/home/s/.ghcup/hls/2.13.0.0" to "/home/s/.ghcup/hls/2.13.0.0"
[1m[92m[ Info  ][0m[0m HLS installation successful
[1m[92m[ Info  ][0m[0m This is just the server part of your LSP configuration. Consult the README on how to
[1m[92m[ ...   ] [0m[0mconfigure HLS, your project and your LSP client in your editor:
[1m[92m[ ...   ] [0m[0m  https://haskell-language-server.readthedocs.io/en/stable/
[1m[93m[ Warn  ][0m[0m []8;;https://errors.haskell.org/messages/GHCup-00110\GHCup-00110]8;;\] stack-3.7.1 is already installed; if you really want to reinstall it, you may want to run 'ghcup install stack --force 3.7.1'
[0;35m/home/s/.stack/hooks/ghc-install.sh already exists, skipping hook installation.[0m
[0;35mIf you want to reinstall the hook, delete it manually and re-run[0m
[0;35mthis script![0m

===============================================================================

[0;35mOK! /home/s/.zshrc has been modified. Restart your terminal for the changes to take effect,[0m
[0;35mor type ". /home/s/.ghcup/env" to apply them in your current terminal session.[0m

===============================================================================
[0;32m[0m
[0;32mAll done![0m
[0;32m[0m
[0;32mTo start a simple repl, run:[0m
[0;32m  ghci[0m
[0;32m[0m
[0;32mTo start a new haskell project in the current directory, run:[0m
[0;32m  cabal init --interactive[0m
[0;32m[0m
[0;32mTo install other GHC versions and tools, run:[0m
[0;32m  ghcup tui[0m
[0;32m[0m
[0;32mIf you are new to Haskell, check out https://www.haskell.org/ghcup/steps/[0m
[ installed haskell ]

[H[2J[3J[H[2J[3J+--------[ debian setup script ]--------+
|                                       |
|              [ haskell ]              |
|                                       |
|              [i] install              |
|              [u] uninstall            |
|              [b] back                 |
|              [q] quit                 |
|                                       |
+---------------------------------------+
:[H[2J[3J[H[2J[3J+--------[ debian setup script ]--------+
|                                       |
|            [ components ]             |
|                                       |
|          [1] apt packages             |
|          [2] rust                     |
|          [3] haskell                  |
|          [4] neovim                   |
|          [5] git repos                |
|          [6] docs                     |
|          [7] stow symlinks            |
|          [8] complete                 |
|                                       |
|          [q] quit                     |
|                                       |
+---------------------------------------+
:[H[2J[3J[H[2J[3J+--------[ debian setup script ]--------+
|                                       |
|            [ components ]             |
|                                       |
|          [1] apt packages             |
|          [2] rust                     |
|          [3] haskell                  |
|          [4] neovim                   |
|          [5] git repos                |
|          [6] docs                     |
|          [7] stow symlinks            |
|          [8] complete                 |
|                                       |
|          [q] quit                     |
|                                       |
+---------------------------------------+
:[H[2J[3J+--------[ debian setup script ]--------+
|                                       |
|         [ apt package groups ]        |
|                                       |
|       1. [ ] core                     |
|       2. [ ] networking               |
|       3. [ ] c dev                    |
|       4. [ ] c xtras                  |
|       5. [ ] neovim dependecies       |
|       6. [ ] haskell dependecies      |
|       7. [ ] additional languages     |
|       8. [ ] full                     |
|       9. [ ] all                      |
|                                       |
|          [i] install                  |
|          [u] uninstall                |
|          [b] back                     |
|          [q] quit                     |
|                                       |
+---------------------------------------+
:[H[2J[3J+--------[ debian setup script ]--------+
|                                       |
|         [ apt package groups ]        |
|                                       |
|       1. [x] core                     |
|       2. [ ] networking               |
|       3. [ ] c dev                    |
|       4. [ ] c xtras                  |
|       5. [ ] neovim dependecies       |
|       6. [ ] haskell dependecies      |
|       7. [ ] additional languages     |
|       8. [ ] full                     |
|       9. [ ] all                      |
|                                       |
|          [i] install                  |
|          [u] uninstall                |
|          [b] back                     |
|          [q] quit                     |
|                                       |
+---------------------------------------+
:[H[2J[3J+--------[ debian setup script ]--------+
|                                       |
|         [ apt package groups ]        |
|                                       |
|       1. [x] core                     |
|       2. [x] networking               |
|       3. [ ] c dev                    |
|       4. [ ] c xtras                  |
|       5. [ ] neovim dependecies       |
|       6. [ ] haskell dependecies      |
|       7. [ ] additional languages     |
|       8. [ ] full                     |
|       9. [ ] all                      |
|                                       |
|          [i] install                  |
|          [u] uninstall                |
|          [b] back                     |
|          [q] quit                     |
|                                       |
+---------------------------------------+
:[H[2J[3J+--------[ debian setup script ]--------+
|                                       |
|         [ apt package groups ]        |
|                                       |
|       1. [x] core                     |
|       2. [x] networking               |
|       3. [x] c dev                    |
|       4. [ ] c xtras                  |
|       5. [ ] neovim dependecies       |
|       6. [ ] haskell dependecies      |
|       7. [ ] additional languages     |
|       8. [ ] full                     |
|       9. [ ] all                      |
|                                       |
|          [i] install                  |
|          [u] uninstall                |
|          [b] back                     |
|          [q] quit                     |
|                                       |
+---------------------------------------+
:[H[2J[3J+--------[ debian setup script ]--------+
|                                       |
|         [ apt package groups ]        |
|                                       |
|       1. [x] core                     |
|       2. [x] networking               |
|       3. [x] c dev                    |
|       4. [x] c xtras                  |
|       5. [ ] neovim dependecies       |
|       6. [ ] haskell dependecies      |
|       7. [ ] additional languages     |
|       8. [ ] full                     |
|       9. [ ] all                      |
|                                       |
|          [i] install                  |
|          [u] uninstall                |
|          [b] back                     |
|          [q] quit                     |
|                                       |
+---------------------------------------+
:[ proposed command ]

sudo apt-get install -y git ssh vim curl iproute2 net-tools build-essential valgrind gdb lldb cmake clang clang-tools libclang-dev libncurses-dev libpng-dev libsdl3-dev libsdl3-image-dev libsdl3-ttf-dev

[ approve execution? (y/n) ] > 
[ updating packages references ... ]
[H[2J[3J[H[2J[3J+--------[ debian setup script ]--------+
|                                       |
|            [ components ]             |
|                                       |
|          [1] apt packages             |
|          [2] rust                     |
|          [3] haskell                  |
|          [4] neovim                   |
|          [5] git repos                |
|          [6] docs                     |
|          [7] stow symlinks            |
|          [8] complete                 |
|                                       |
|          [q] quit                     |
|                                       |
+---------------------------------------+
:[H[2J[3J+--------[ debian setup script ]--------+
|                                       |
|         [ apt package groups ]        |
|                                       |
|       1. [ ] core                     |
|       2. [ ] networking               |
|       3. [ ] c dev                    |
|       4. [ ] c xtras                  |
|       5. [ ] neovim dependecies       |
|       6. [ ] haskell dependecies      |
|       7. [ ] additional languages     |
|       8. [ ] full                     |
|       9. [ ] all                      |
|                                       |
|          [i] install                  |
|          [u] uninstall                |
|          [b] back                     |
|          [q] quit                     |
|                                       |
+---------------------------------------+
:[H[2J[3J+--------[ debian setup script ]--------+
|                                       |
|         [ apt package groups ]        |
|                                       |
|       1. [x] core                     |
|       2. [ ] networking               |
|       3. [ ] c dev                    |
|       4. [ ] c xtras                  |
|       5. [ ] neovim dependecies       |
|       6. [ ] haskell dependecies      |
|       7. [ ] additional languages     |
|       8. [ ] full                     |
|       9. [ ] all                      |
|                                       |
|          [i] install                  |
|          [u] uninstall                |
|          [b] back                     |
|          [q] quit                     |
|                                       |
+---------------------------------------+
:[ proposed command ]

sudo apt-get install -y git ssh vim curl

[ approve execution? (y/n) ] > 
[ updating packages references ... ]
Hit:1 http://deb.debian.org/debian trixie InRelease
Hit:2 http://security.debian.org/debian-security trixie-security InRelease
Hit:3 http://deb.debian.org/debian trixie-updates InRelease
Hit:4 http://ftp.debian.org/debian trixie-backports InRelease
Reading package lists...
[ packages references updated ]

[ installing package groups ... ]
sudo apt-get install -y git ssh vim curl
Reading package lists...
Building dependency tree...
Reading state information...
git is already the newest version (1:2.47.3-0+deb13u1).
ssh is already the newest version (1:10.0p1-7).
vim is already the newest version (2:9.1.1230-2).
curl is already the newest version (8.14.1-2+deb13u2).
0 upgraded, 0 newly installed, 0 to remove and 0 not upgraded.
[ package groups installed ]

[ updating and cleaning... ]
Hit:1 http://deb.debian.org/debian trixie InRelease
Hit:2 http://ftp.debian.org/debian trixie-backports InRelease
Hit:3 http://deb.debian.org/debian trixie-updates InRelease
Hit:4 http://security.debian.org/debian-security trixie-security InRelease
Reading package lists...
Reading package lists...
Building dependency tree...
Reading state information...
Calculating upgrade...
0 upgraded, 0 newly installed, 0 to remove and 0 not upgraded.
Reading package lists...
Building dependency tree...
Reading state information...
Reading package lists...
Building dependency tree...
Reading state information...
0 upgraded, 0 newly installed, 0 to remove and 0 not upgraded.
[ package refresh complete ]

[ added the following packages... ]
- [ git ]
- [ ssh ]
- [ vim ]
- [ curl ]

[ press any key to continue ] > [H[2J[3J+--------[ debian setup script ]--------+
|                                       |
|         [ apt package groups ]        |
|                                       |
|       1. [x] core                     |
|       2. [ ] networking               |
|       3. [ ] c dev                    |
|       4. [ ] c xtras                  |
|       5. [ ] neovim dependecies       |
|       6. [ ] haskell dependecies      |
|       7. [ ] additional languages     |
|       8. [ ] full                     |
|       9. [ ] all                      |
|                                       |
|          [i] install                  |
|          [u] uninstall                |
|          [b] back                     |
|          [q] quit                     |
|                                       |
+---------------------------------------+
:[H[2J[3J+--------[ debian setup script ]--------+
|                                       |
|         [ apt package groups ]        |
|                                       |
|       1. [x] core                     |
|       2. [x] networking               |
|       3. [x] c dev                    |
|       4. [x] c xtras                  |
|       5. [x] neovim dependecies       |
|       6. [x] haskell dependecies      |
|       7. [x] additional languages     |
|       8. [x] full                     |
|       9. [x] all                      |
|                                       |
|          [i] install                  |
|          [u] uninstall                |
|          [b] back                     |
|          [q] quit                     |
|                                       |
+---------------------------------------+
:[ proposed command ]

sudo apt-get install -y git ssh vim curl iproute2 net-tools build-essential valgrind gdb lldb cmake clang clang-tools libclang-dev libncurses-dev libpng-dev libsdl3-dev libsdl3-image-dev libsdl3-ttf-dev gettext ninja-build libffi-dev libffi8 libgmp-dev libgmp10 libncurses6 libtinfo6 pkg-config default-jdk perl python3 lsof fdisk fd-find feh figlet fuse fzf moreutils tcc rsync stow wget zip zsh

[ approve execution? (y/n) ] > 
[ updating packages references ... ]
Hit:1 http://deb.debian.org/debian trixie InRelease
Hit:2 http://security.debian.org/debian-security trixie-security InRelease
Hit:3 http://ftp.debian.org/debian trixie-backports InRelease
Hit:4 http://deb.debian.org/debian trixie-updates InRelease
Reading package lists...
[ packages references updated ]

[ installing package groups ... ]
sudo apt-get install -y git ssh vim curl iproute2 net-tools build-essential valgrind gdb lldb cmake clang clang-tools libclang-dev libncurses-dev libpng-dev libsdl3-dev libsdl3-image-dev libsdl3-ttf-dev gettext ninja-build libffi-dev libffi8 libgmp-dev libgmp10 libncurses6 libtinfo6 pkg-config default-jdk perl python3 lsof fdisk fd-find feh figlet fuse fzf moreutils tcc rsync stow wget zip zsh
Reading package lists...
Building dependency tree...
Reading state information...
git is already the newest version (1:2.47.3-0+deb13u1).
ssh is already the newest version (1:10.0p1-7).
vim is already the newest version (2:9.1.1230-2).
curl is already the newest version (8.14.1-2+deb13u2).
iproute2 is already the newest version (6.15.0-1).
net-tools is already the newest version (2.10-1.3).
build-essential is already the newest version (12.12).
valgrind is already the newest version (1:3.24.0-3).
gdb is already the newest version (16.3-1).
lldb is already the newest version (1:19.0-63).
cmake is already the newest version (3.31.6-2).
clang is already the newest version (1:19.0-63).
clang-tools is already the newest version (1:19.0-63).
libclang-dev is already the newest version (1:19.0-63).
libncurses-dev is already the newest version (6.5+20250216-2).
libpng-dev is already the newest version (1.6.48-1+deb13u1).
libsdl3-dev is already the newest version (3.2.10+ds-1).
libsdl3-image-dev is already the newest version (3.2.4+ds-1).
libsdl3-ttf-dev is already the newest version (3.2.2+ds-1).
gettext is already the newest version (0.23.1-2).
ninja-build is already the newest version (1.12.1-1).
libffi-dev is already the newest version (3.4.8-2).
libffi8 is already the newest version (3.4.8-2).
libgmp-dev is already the newest version (2:6.3.0+dfsg-3).
libgmp10 is already the newest version (2:6.3.0+dfsg-3).
libncurses6 is already the newest version (6.5+20250216-2).
libtinfo6 is already the newest version (6.5+20250216-2).
pkg-config is already the newest version (1.8.1-4).
default-jdk is already the newest version (2:1.21-76).
perl is already the newest version (5.40.1-6).
python3 is already the newest version (3.13.5-1).
lsof is already the newest version (4.99.4+dfsg-2).
fdisk is already the newest version (2.41-5).
fd-find is already the newest version (10.2.0-1+b5).
feh is already the newest version (3.10.3-1).
figlet is already the newest version (2.2.5-3+b2).
fuse is already the newest version (3.17.2-3).
fzf is already the newest version (0.60.3-1+b2).
moreutils is already the newest version (0.69-1).
tcc is already the newest version (0.9.27+git20200814.62c30a4a-2).
rsync is already the newest version (3.4.1+ds1-5+deb13u1).
stow is already the newest version (2.4.1-2).
wget is already the newest version (1.25.0-2).
zip is already the newest version (3.0-15).
zsh is already the newest version (5.9-8+b18).
0 upgraded, 0 newly installed, 0 to remove and 0 not upgraded.
[ package groups installed ]

[ updating and cleaning... ]
Hit:1 http://deb.debian.org/debian trixie InRelease
Hit:2 http://security.debian.org/debian-security trixie-security InRelease
Hit:3 http://ftp.debian.org/debian trixie-backports InRelease
Hit:4 http://deb.debian.org/debian trixie-updates InRelease
Reading package lists...
Reading package lists...
Building dependency tree...
Reading state information...
Calculating upgrade...
0 upgraded, 0 newly installed, 0 to remove and 0 not upgraded.
Reading package lists...
Building dependency tree...
Reading state information...
Reading package lists...
Building dependency tree...
Reading state information...
0 upgraded, 0 newly installed, 0 to remove and 0 not upgraded.
[ package refresh complete ]

[ added the following packages... ]
- [ git ]
- [ ssh ]
- [ vim ]
- [ curl ]
- [ iproute2 ]
- [ net-tools ]
- [ build-essential ]
- [ valgrind ]
- [ gdb ]
- [ lldb ]
- [ cmake ]
- [ clang ]
- [ clang-tools ]
- [ libclang-dev ]
- [ libncurses-dev ]
- [ libpng-dev ]
- [ libsdl3-dev ]
- [ libsdl3-image-dev ]
- [ libsdl3-ttf-dev ]
- [ gettext ]
- [ ninja-build ]
- [ libffi-dev ]
- [ libffi8 ]
- [ libgmp-dev ]
- [ libgmp10 ]
- [ libncurses6 ]
- [ libtinfo6 ]
- [ pkg-config ]
- [ default-jdk ]
- [ perl ]
- [ python3 ]
- [ lsof ]
- [ fdisk ]
- [ fd-find ]
- [ feh ]
- [ figlet ]
- [ fuse ]
- [ fzf ]
- [ moreutils ]
- [ tcc ]
- [ rsync ]
- [ stow ]
- [ wget ]
- [ zip ]
- [ zsh ]

[ press any key to continue ] > [H[2J[3J+--------[ debian setup script ]--------+
|                                       |
|         [ apt package groups ]        |
|                                       |
|       1. [x] core                     |
|       2. [x] networking               |
|       3. [x] c dev                    |
|       4. [x] c xtras                  |
|       5. [x] neovim dependecies       |
|       6. [x] haskell dependecies      |
|       7. [x] additional languages     |
|       8. [x] full                     |
|       9. [x] all                      |
|                                       |
|          [i] install                  |
|          [u] uninstall                |
|          [b] back                     |
|          [q] quit                     |
|                                       |
+---------------------------------------+
:[H[2J[3J[H[2J[3J+--------[ debian setup script ]--------+
|                                       |
|            [ components ]             |
|                                       |
|          [1] apt packages             |
|          [2] rust                     |
|          [3] haskell                  |
|          [4] neovim                   |
|          [5] git repos                |
|          [6] docs                     |
|          [7] stow symlinks            |
|          [8] complete                 |
|                                       |
|          [q] quit                     |
|                                       |
+---------------------------------------+
:[H[2J[3J[H[2J[3J+--------[ debian setup script ]--------+
|                                       |
|               [ rust ]                |
|                                       |
|             1. [ ] rust               |
|             2. [ ] crates             |
|                                       |
|              [i] install              |
|              [u] uninstall            |
|              [b] back                 |
|              [q] quit                 |
|                                       |
+---------------------------------------+
:[H[2J[3J[H[2J[3J+--------[ debian setup script ]--------+
|                                       |
|               [ rust ]                |
|                                       |
|             1. [x] rust               |
|             2. [ ] crates             |
|                                       |
|              [i] install              |
|              [u] uninstall            |
|              [b] back                 |
|              [q] quit                 |
|                                       |
+---------------------------------------+
:[H[2J[3J[H[2J[3J+--------[ debian setup script ]--------+
|                                       |
|               [ rust ]                |
|                                       |
|             1. [x] rust               |
|             2. [x] crates             |
|                                       |
|              [i] install              |
|              [u] uninstall            |
|              [b] back                 |
|              [q] quit                 |
|                                       |
+---------------------------------------+
:
[ installing rust... ]
info: downloading installer
warn: It looks like you have an existing rustup settings file at:
warn: /home/s/.rustup/settings.toml
warn: Rustup will install the default toolchain as specified in the settings file,
warn: instead of the one inferred from the default host triple.
info: profile set to 'default'
info: default host triple is x86_64-unknown-linux-gnu
warn: Updating existing toolchain, profile choice will be ignored
info: syncing channel updates for 'stable-x86_64-unknown-linux-gnu'
info: default toolchain set to 'stable-x86_64-unknown-linux-gnu'

  stable-x86_64-unknown-linux-gnu unchanged - rustc 1.93.0 (254b59607 2026-01-19)


Rust is installed now. Great!

To get started you may need to restart your current shell.
This would reload your PATH environment variable to include
Cargo's bin directory ($HOME/.cargo/bin).

To configure your current shell, you need to source
the corresponding env file under $HOME/.cargo.

This is usually done by running one of the following (note the leading DOT):
. "$HOME/.cargo/env"            # For sh/bash/zsh/ash/dash/pdksh
source "$HOME/.cargo/env.fish"  # For fish
source $"($nu.home-path)/.cargo/env.nu"  # For nushell
info: checking for self-update
  rustup unchanged - 1.28.2

info: syncing channel updates for 'stable-x86_64-unknown-linux-gnu'
info: checking for self-update

  stable-x86_64-unknown-linux-gnu unchanged - rustc 1.93.0 (254b59607 2026-01-19)

info: cleaning up downloads & tmp directories
[ rust installed ]


[ installing crates... ]
installing eza...
    Updating crates.io index
     Ignored package `eza v0.23.4` is already installed, use --force to override
installing bat...
    Updating crates.io index
     Ignored package `bat v0.26.1` is already installed, use --force to override
installing ripgrep...
    Updating crates.io index
     Ignored package `ripgrep v15.1.0` is already installed, use --force to override
installing --locked tree-sitter-cli...
    Updating crates.io index
     Ignored package `tree-sitter-cli v0.26.5` is already installed, use --force to override
[ crates installed ]

[H[2J[3J[H[2J[3J+--------[ debian setup script ]--------+
|                                       |
|               [ rust ]                |
|                                       |
|             1. [x] rust               |
|             2. [x] crates             |
|                                       |
|              [i] install              |
|              [u] uninstall            |
|              [b] back                 |
|              [q] quit                 |
|                                       |
+---------------------------------------+
:[H[2J[3J[H[2J[3J+--------[ debian setup script ]--------+
|                                       |
|            [ components ]             |
|                                       |
|          [1] apt packages             |
|          [2] rust                     |
|          [3] haskell                  |
|          [4] neovim                   |
|          [5] git repos                |
|          [6] docs                     |
|          [7] stow symlinks            |
|          [8] complete                 |
|                                       |
|          [q] quit                     |
|                                       |
+---------------------------------------+
:[H[2J[3J[H[2J[3J+--------[ debian setup script ]--------+
|                                       |
|              [ haskell ]              |
|                                       |
|              [i] install              |
|              [u] uninstall            |
|              [b] back                 |
|              [q] quit                 |
|                                       |
+---------------------------------------+
:
[ installing haskell... ]

Welcome to Haskell!

This script can download and install the following binaries:
  * ghcup - The Haskell toolchain installer
  * ghc   - The Glasgow Haskell Compiler
  * cabal - The Cabal build tool for managing Haskell software
  * stack - A cross-platform program for developing Haskell projects (similar to cabal)
  * hls   - (optional) A language server for developers to integrate with their editor/IDE

ghcup installs only into the following directory,
which can be removed anytime:
  /home/s/.ghcup

[1m[92m[ Info  ][0m[0m downloading: https://raw.githubusercontent.com/haskell/ghcup-metadata/master/ghcup-0.0.9.yaml as file /home/s/.ghcup/cache/ghcup-0.0.9.yaml
  % Total    % Received % Xferd  Average Speed   Time    Time     Time  Current
                                 Dload  Upload   Total   Spent    Left  Speed
  0     0    0     0    0     0      0      0 --:--:-- --:--:-- --:--:--     0  0     0    0     0    0     0      0      0 --:--:-- --:--:-- --:--:--     0
[1m[92m[ Info  ][0m[0m Upgrading GHCup...
[1m[93m[ Warn  ][0m[0m No GHCup update available

System requirements 
  Please ensure the following distro packages are installed before continuing (you can exit ghcup and return at any time): build-essential curl libffi-dev libffi8 libgmp-dev libgmp10 libncurses-dev libncurses6 libtinfo6 pkg-config
[1m[93m[ Warn  ][0m[0m []8;;https://errors.haskell.org/messages/GHCup-00110\GHCup-00110]8;;\] ghc-9.14.1 is already installed; if you really want to reinstall it, you may want to run 'ghcup install ghc --force 9.14.1'
[1m[92m[ Info  ][0m[0m GHC 9.14.1 successfully set as default version
[1m[93m[ Warn  ][0m[0m []8;;https://errors.haskell.org/messages/GHCup-00110\GHCup-00110]8;;\] cabal-3.16.1.0 is already installed; if you really want to reinstall it, you may want to run 'ghcup install cabal --force 3.16.1.0'
Downloading the latest package list from hackage.haskell.org
Package list of hackage.haskell.org is up to date.
The index-state is set to 2026-02-08T05:21:51Z.
[1m[93m[ Warn  ][0m[0m []8;;https://errors.haskell.org/messages/GHCup-00110\GHCup-00110]8;;\] hls-2.13.0.0 is already installed; if you really want to reinstall it, you may want to run 'ghcup install hls --force 2.13.0.0'
[1m[93m[ Warn  ][0m[0m []8;;https://errors.haskell.org/messages/GHCup-00110\GHCup-00110]8;;\] stack-3.7.1 is already installed; if you really want to reinstall it, you may want to run 'ghcup install stack --force 3.7.1'
[0;35m/home/s/.stack/hooks/ghc-install.sh already exists, skipping hook installation.[0m
[0;35mIf you want to reinstall the hook, delete it manually and re-run[0m
[0;35mthis script![0m

===============================================================================

[0;35mOK! /home/s/.zshrc has been modified. Restart your terminal for the changes to take effect,[0m
[0;35mor type ". /home/s/.ghcup/env" to apply them in your current terminal session.[0m

===============================================================================
[0;32m[0m
[0;32mAll done![0m
[0;32m[0m
[0;32mTo start a simple repl, run:[0m
[0;32m  ghci[0m
[0;32m[0m
[0;32mTo start a new haskell project in the current directory, run:[0m
[0;32m  cabal init --interactive[0m
[0;32m[0m
[0;32mTo install other GHC versions and tools, run:[0m
[0;32m  ghcup tui[0m
[0;32m[0m
[0;32mIf you are new to Haskell, check out https://www.haskell.org/ghcup/steps/[0m
[ installed haskell ]

[H[2J[3J[H[2J[3J+--------[ debian setup script ]--------+
|                                       |
|              [ haskell ]              |
|                                       |
|              [i] install              |
|              [u] uninstall            |
|              [b] back                 |
|              [q] quit                 |
|                                       |
+---------------------------------------+
:[H[2J[3J[H[2J[3J+--------[ debian setup script ]--------+
|                                       |
|            [ components ]             |
|                                       |
|          [1] apt packages             |
|          [2] rust                     |
|          [3] haskell                  |
|          [4] neovim                   |
|          [5] git repos                |
|          [6] docs                     |
|          [7] stow symlinks            |
|          [8] complete                 |
|                                       |
|          [q] quit                     |
|                                       |
+---------------------------------------+
:[H[2J[3J[H[2J[3J+--------[ debian setup script ]--------+
|                                       |
|            [ components ]             |
|                                       |
|          [1] apt packages             |
|          [2] rust                     |
|          [3] haskell                  |
|          [4] neovim                   |
|          [5] git repos                |
|          [6] docs                     |
|          [7] stow symlinks            |
|          [8] complete                 |
|                                       |
|          [q] quit                     |
|                                       |
+---------------------------------------+
:[H[2J[3J[H[2J[3J+--------[ debian setup script ]--------+
|                                       |
|            [ components ]             |
|                                       |
|          [1] apt packages             |
|          [2] rust                     |
|          [3] haskell                  |
|          [4] neovim                   |
|          [5] git repos                |
|          [6] docs                     |
|          [7] stow symlinks            |
|          [8] complete                 |
|                                       |
|          [q] quit                     |
|                                       |
+---------------------------------------+
:[H[2J[3J[H[2J[3J+--------[ debian setup script ]--------+
|                                       |
|            [ components ]             |
|                                       |
|          [1] apt packages             |
|          [2] rust                     |
|          [3] haskell                  |
|          [4] neovim                   |
|          [5] git repos                |
|          [6] docs                     |
|          [7] stow symlinks            |
|          [8] complete                 |
|                                       |
|          [q] quit                     |
|                                       |
+---------------------------------------+
:[H[2J[3J[H[2J[3J+--------[ debian setup script ]--------+
|                                       |
|            [ components ]             |
|                                       |
|          [1] apt packages             |
|          [2] rust                     |
|          [3] haskell                  |
|          [4] neovim                   |
|          [5] git repos                |
|          [6] docs                     |
|          [7] stow symlinks            |
|          [8] complete                 |
|                                       |
|          [q] quit                     |
|                                       |
+---------------------------------------+
:[H[2J[3J[H[2J[3J+--------[ debian setup script ]--------+
|                                       |
|            [ components ]             |
|                                       |
|          [1] apt packages             |
|          [2] rust                     |
|          [3] haskell                  |
|          [4] neovim                   |
|          [5] git repos                |
|          [6] docs                     |
|          [7] stow symlinks            |
|          [8] complete                 |
|                                       |
|          [q] quit                     |
|                                       |
+---------------------------------------+
:[H[2J[3J+--------[ debian setup script ]--------+
|                                       |
|         [ apt package groups ]        |
|                                       |
|       1. [ ] core                     |
|       2. [ ] networking               |
|       3. [ ] c dev                    |
|       4. [ ] c xtras                  |
|       5. [ ] neovim dependecies       |
|       6. [ ] haskell dependecies      |
|       7. [ ] additional languages     |
|       8. [ ] full                     |
|       9. [ ] all                      |
|                                       |
|          [i] install                  |
|          [u] uninstall                |
|          [b] back                     |
|          [q] quit                     |
|                                       |
+---------------------------------------+
:[H[2J[3J[H[2J[3J+--------[ debian setup script ]--------+
|                                       |
|            [ components ]             |
|                                       |
|          [1] apt packages             |
|          [2] rust                     |
|          [3] haskell                  |
|          [4] neovim                   |
|          [5] git repos                |
|          [6] docs                     |
|          [7] stow symlinks            |
|          [8] complete                 |
|                                       |
|          [q] quit                     |
|                                       |
+---------------------------------------+
:[H[2J[3J[H[2J[3J+--------[ debian setup script ]--------+
|                                       |
|            [ components ]             |
|                                       |
|          [1] apt packages             |
|          [2] rust                     |
|          [3] haskell                  |
|          [4] neovim                   |
|          [5] git repos                |
|          [6] docs                     |
|          [7] stow symlinks            |
|          [8] complete                 |
|                                       |
|          [q] quit                     |
|                                       |
+---------------------------------------+
:[H[2J[3J[H[2J[3J+--------[ debian setup script ]--------+
|                                       |
|            [ components ]             |
|                                       |
|          [1] apt packages             |
|          [2] rust                     |
|          [3] haskell                  |
|          [4] neovim                   |
|          [5] git repos                |
|          [6] docs                     |
|          [7] stow symlinks            |
|          [8] complete                 |
|                                       |
|          [q] quit                     |
|                                       |
+---------------------------------------+
:[H[2J[3J[H[2J[3J+--------[ debian setup script ]--------+
|                                       |
|            [ git repos ]              |
|                                       |
|             1. [ ] private            |
|             2. [ ] public             |
|                                       |
|              [i] install              |
|              [u] uninstall            |
|              [b] back                 |
|              [q] quit                 |
|                                       |
+---------------------------------------+
:[H[2J[3J[H[2J[3J+--------[ debian setup script ]--------+
|                                       |
|            [ git repos ]              |
|                                       |
|             1. [x] private            |
|             2. [ ] public             |
|                                       |
|              [i] install              |
|              [u] uninstall            |
|              [b] back                 |
|              [q] quit                 |
|                                       |
+---------------------------------------+
:[H[2J[3J[H[2J[3J+--------[ debian setup script ]--------+
|                                       |
|            [ components ]             |
|                                       |
|          [1] apt packages             |
|          [2] rust                     |
|          [3] haskell                  |
|          [4] neovim                   |
|          [5] git repos                |
|          [6] docs                     |
|          [7] stow symlinks            |
|          [8] complete                 |
|                                       |
|          [q] quit                     |
|                                       |
+---------------------------------------+
:[H[2J[3J+--------[ debian setup script ]--------+
|                                       |
|         [ apt package groups ]        |
|                                       |
|       1. [ ] core                     |
|       2. [ ] networking               |
|       3. [ ] c dev                    |
|       4. [ ] c xtras                  |
|       5. [ ] neovim dependecies       |
|       6. [ ] haskell dependecies      |
|       7. [ ] additional languages     |
|       8. [ ] full                     |
|       9. [ ] all                      |
|                                       |
|          [i] install                  |
|          [u] uninstall                |
|          [b] back                     |
|          [q] quit                     |
|                                       |
+---------------------------------------+
:[H[2J[3J[H[2J[3J+--------[ debian setup script ]--------+
|                                       |
|            [ components ]             |
|                                       |
|          [1] apt packages             |
|          [2] rust                     |
|          [3] haskell                  |
|          [4] neovim                   |
|          [5] git repos                |
|          [6] docs                     |
|          [7] stow symlinks            |
|          [8] complete                 |
|                                       |
|          [q] quit                     |
|                                       |
+---------------------------------------+
:[H[2J[3J+--------[ debian setup script ]--------+
|                                       |
|         [ apt package groups ]        |
|                                       |
|       1. [ ] core                     |
|       2. [ ] networking               |
|       3. [ ] c dev                    |
|       4. [ ] c xtras                  |
|       5. [ ] neovim dependecies       |
|       6. [ ] haskell dependecies      |
|       7. [ ] additional languages     |
|       8. [ ] full                     |
|       9. [ ] all                      |
|                                       |
|          [?] package info             |
|          [i] install                  |
|          [u] uninstall                |
|          [b] back                     |
|          [q] quit                     |
|                                       |
+---------------------------------------+
:[H[2J[3J+--------[ debian setup script ]--------+
|                                       |
|         [ apt package groups ]        |
|                                       |
|       1. [x] core                     |
|       2. [ ] networking               |
|       3. [ ] c dev                    |
|       4. [ ] c xtras                  |
|       5. [ ] neovim dependecies       |
|       6. [ ] haskell dependecies      |
|       7. [ ] additional languages     |
|       8. [ ] full                     |
|       9. [ ] all                      |
|                                       |
|          [?] package info             |
|          [i] install                  |
|          [u] uninstall                |
|          [b] back                     |
|          [q] quit                     |
|                                       |
+---------------------------------------+
:/home/s/bin/setup: line 1007: apt_list: command not found
[H[2J[3J+--------[ debian setup script ]--------+
|                                       |
|         [ apt package groups ]        |
|                                       |
|       1. [x] core                     |
|       2. [ ] networking               |
|       3. [ ] c dev                    |
|       4. [ ] c xtras                  |
|       5. [ ] neovim dependecies       |
|       6. [ ] haskell dependecies      |
|       7. [ ] additional languages     |
|       8. [ ] full                     |
|       9. [ ] all                      |
|                                       |
|          [?] package info             |
|          [i] install                  |
|          [u] uninstall                |
|          [b] back                     |
|          [q] quit                     |
|                                       |
+---------------------------------------+
:[H[2J[3J[H[2J[3J+--------[ debian setup script ]--------+
|                                       |
|            [ components ]             |
|                                       |
|          [1] apt packages             |
|          [2] rust                     |
|          [3] haskell                  |
|          [4] neovim                   |
|          [5] git repos                |
|          [6] docs                     |
|          [7] stow symlinks            |
|          [8] complete                 |
|                                       |
|          [q] quit                     |
|                                       |
+---------------------------------------+
:[H[2J[3J+--------[ debian setup script ]--------+
|                                       |
|         [ apt package groups ]        |
|                                       |
|       1. [ ] core                     |
|       2. [ ] networking               |
|       3. [ ] c dev                    |
|       4. [ ] c xtras                  |
|       5. [ ] neovim dependecies       |
|       6. [ ] haskell dependecies      |
|       7. [ ] additional languages     |
|       8. [ ] full                     |
|       9. [ ] all                      |
|                                       |
|          [?] package info             |
|          [i] install                  |
|          [u] uninstall                |
|          [b] back                     |
|          [q] quit                     |
|                                       |
+---------------------------------------+
:[H[2J[3J+--------[ debian setup script ]--------+
|                                       |
|         [ apt package groups ]        |
|                                       |
|       1. [x] core                     |
|       2. [ ] networking               |
|       3. [ ] c dev                    |
|       4. [ ] c xtras                  |
|       5. [ ] neovim dependecies       |
|       6. [ ] haskell dependecies      |
|       7. [ ] additional languages     |
|       8. [ ] full                     |
|       9. [ ] all                      |
|                                       |
|          [?] package info             |
|          [i] install                  |
|          [u] uninstall                |
|          [b] back                     |
|          [q] quit                     |
|                                       |
+---------------------------------------+
:/home/s/bin/setup: line 1007: apt_list: command not found
[H[2J[3J+--------[ debian setup script ]--------+
|                                       |
|         [ apt package groups ]        |
|                                       |
|       1. [x] core                     |
|       2. [ ] networking               |
|       3. [ ] c dev                    |
|       4. [ ] c xtras                  |
|       5. [ ] neovim dependecies       |
|       6. [ ] haskell dependecies      |
|       7. [ ] additional languages     |
|       8. [ ] full                     |
|       9. [ ] all                      |
|                                       |
|          [?] package info             |
|          [i] install                  |
|          [u] uninstall                |
|          [b] back                     |
|          [q] quit                     |
|                                       |
+---------------------------------------+
:/home/s/bin/setup: line 1007: apt_list: command not found
[H[2J[3J+--------[ debian setup script ]--------+
|                                       |
|         [ apt package groups ]        |
|                                       |
|       1. [x] core                     |
|       2. [ ] networking               |
|       3. [ ] c dev                    |
|       4. [ ] c xtras                  |
|       5. [ ] neovim dependecies       |
|       6. [ ] haskell dependecies      |
|       7. [ ] additional languages     |
|       8. [ ] full                     |
|       9. [ ] all                      |
|                                       |
|          [?] package info             |
|          [i] install                  |
|          [u] uninstall                |
|          [b] back                     |
|          [q] quit                     |
|                                       |
+---------------------------------------+
:[H[2J[3J[H[2J[3J+--------[ debian setup script ]--------+
|                                       |
|            [ components ]             |
|                                       |
|          [1] apt packages             |
|          [2] rust                     |
|          [3] haskell                  |
|          [4] neovim                   |
|          [5] git repos                |
|          [6] docs                     |
|          [7] stow symlinks            |
|          [8] complete                 |
|                                       |
|          [q] quit                     |
|                                       |
+---------------------------------------+
:[H[2J[3J+--------[ debian setup script ]--------+
|                                       |
|         [ apt package groups ]        |
|                                       |
|       1. [ ] core                     |
|       2. [ ] networking               |
|       3. [ ] c dev                    |
|       4. [ ] c xtras                  |
|       5. [ ] neovim dependecies       |
|       6. [ ] haskell dependecies      |
|       7. [ ] additional languages     |
|       8. [ ] full                     |
|       9. [ ] all                      |
|                                       |
|          [?] package info             |
|          [i] install                  |
|          [u] uninstall                |
|          [b] back                     |
|          [q] quit                     |
|                                       |
+---------------------------------------+
:[H[2J[3J+--------[ debian setup script ]--------+
|                                       |
|         [ apt package groups ]        |
|                                       |
|       1. [x] core                     |
|       2. [ ] networking               |
|       3. [ ] c dev                    |
|       4. [ ] c xtras                  |
|       5. [ ] neovim dependecies       |
|       6. [ ] haskell dependecies      |
|       7. [ ] additional languages     |
|       8. [ ] full                     |
|       9. [ ] all                      |
|                                       |
|          [?] package info             |
|          [i] install                  |
|          [u] uninstall                |
|          [b] back                     |
|          [q] quit                     |
|                                       |
+---------------------------------------+
:



[H[2J[3J+--------[ debian setup script ]--------+
|                                       |
|         [ apt package groups ]        |
|                                       |
|       1. [x] core                     |
|       2. [ ] networking               |
|       3. [ ] c dev                    |
|       4. [ ] c xtras                  |
|       5. [ ] neovim dependecies       |
|       6. [ ] haskell dependecies      |
|       7. [ ] additional languages     |
|       8. [ ] full                     |
|       9. [ ] all                      |
|                                       |
|          [?] package info             |
|          [i] install                  |
|          [u] uninstall                |
|          [b] back                     |
|          [q] quit                     |
|                                       |
+---------------------------------------+
:



[H[2J[3J+--------[ debian setup script ]--------+
|                                       |
|         [ apt package groups ]        |
|                                       |
|       1. [x] core                     |
|       2. [ ] networking               |
|       3. [ ] c dev                    |
|       4. [ ] c xtras                  |
|       5. [ ] neovim dependecies       |
|       6. [ ] haskell dependecies      |
|       7. [ ] additional languages     |
|       8. [ ] full                     |
|       9. [ ] all                      |
|                                       |
|          [?] package info             |
|          [i] install                  |
|          [u] uninstall                |
|          [b] back                     |
|          [q] quit                     |
|                                       |
+---------------------------------------+
:[H[2J[3J[H[2J[3J+--------[ debian setup script ]--------+
|                                       |
|            [ components ]             |
|                                       |
|          [1] apt packages             |
|          [2] rust                     |
|          [3] haskell                  |
|          [4] neovim                   |
|          [5] git repos                |
|          [6] docs                     |
|          [7] stow symlinks            |
|          [8] complete                 |
|                                       |
|          [q] quit                     |
|                                       |
+---------------------------------------+
:[H[2J[3J+--------[ debian setup script ]--------+
|                                       |
|         [ apt package groups ]        |
|                                       |
|       1. [ ] core                     |
|       2. [ ] networking               |
|       3. [ ] c dev                    |
|       4. [ ] c xtras                  |
|       5. [ ] neovim dependecies       |
|       6. [ ] haskell dependecies      |
|       7. [ ] additional languages     |
|       8. [ ] full                     |
|       9. [ ] all                      |
|                                       |
|          [?] package info             |
|          [i] install                  |
|          [u] uninstall                |
|          [b] back                     |
|          [q] quit                     |
|                                       |
+---------------------------------------+
:[H[2J[3J+--------[ debian setup script ]--------+
|                                       |
|         [ apt package groups ]        |
|                                       |
|       1. [x] core                     |
|       2. [ ] networking               |
|       3. [ ] c dev                    |
|       4. [ ] c xtras                  |
|       5. [ ] neovim dependecies       |
|       6. [ ] haskell dependecies      |
|       7. [ ] additional languages     |
|       8. [ ] full                     |
|       9. [ ] all                      |
|                                       |
|          [?] package info             |
|          [i] install                  |
|          [u] uninstall                |
|          [b] back                     |
|          [q] quit                     |
|                                       |
+---------------------------------------+
:git

ssh

vim

curl

[H[2J[3J+--------[ debian setup script ]--------+
|                                       |
|         [ apt package groups ]        |
|                                       |
|       1. [x] core                     |
|       2. [ ] networking               |
|       3. [ ] c dev                    |
|       4. [ ] c xtras                  |
|       5. [ ] neovim dependecies       |
|       6. [ ] haskell dependecies      |
|       7. [ ] additional languages     |
|       8. [ ] full                     |
|       9. [ ] all                      |
|                                       |
|          [?] package info             |
|          [i] install                  |
|          [u] uninstall                |
|          [b] back                     |
|          [q] quit                     |
|                                       |
+---------------------------------------+
:[H[2J[3J+--------[ debian setup script ]--------+
|                                       |
|         [ apt package groups ]        |
|                                       |
|       1. [x] core                     |
|       2. [ ] networking               |
|       3. [ ] c dev                    |
|       4. [ ] c xtras                  |
|       5. [ ] neovim dependecies       |
|       6. [ ] haskell dependecies      |
|       7. [ ] additional languages     |
|       8. [ ] full                     |
|       9. [ ] all                      |
|                                       |
|          [?] package info             |
|          [i] install                  |
|          [u] uninstall                |
|          [b] back                     |
|          [q] quit                     |
|                                       |
+---------------------------------------+
[invalid selection]:[H[2J[3J[H[2J[3J+--------[ debian setup script ]--------+
|                                       |
|            [ components ]             |
|                                       |
|          [1] apt packages             |
|          [2] rust                     |
|          [3] haskell                  |
|          [4] neovim                   |
|          [5] git repos                |
|          [6] docs                     |
|          [7] stow symlinks            |
|          [8] complete                 |
|                                       |
|          [q] quit                     |
|                                       |
+---------------------------------------+
:[H[2J[3J+--------[ debian setup script ]--------+
|                                       |
|         [ apt package groups ]        |
|                                       |
|       1. [ ] core                     |
|       2. [ ] networking               |
|       3. [ ] c dev                    |
|       4. [ ] c xtras                  |
|       5. [ ] neovim dependecies       |
|       6. [ ] haskell dependecies      |
|       7. [ ] additional languages     |
|       8. [ ] full                     |
|       9. [ ] all                      |
|                                       |
|          [?] package info             |
|          [i] install                  |
|          [u] uninstall                |
|          [b] back                     |
|          [q] quit                     |
|                                       |
+---------------------------------------+
:[H[2J[3J+--------[ debian setup script ]--------+
|                                       |
|         [ apt package groups ]        |
|                                       |
|       1. [x] core                     |
|       2. [ ] networking               |
|       3. [ ] c dev                    |
|       4. [ ] c xtras                  |
|       5. [ ] neovim dependecies       |
|       6. [ ] haskell dependecies      |
|       7. [ ] additional languages     |
|       8. [ ] full                     |
|       9. [ ] all                      |
|                                       |
|          [?] package info             |
|          [i] install                  |
|          [u] uninstall                |
|          [b] back                     |
|          [q] quit                     |
|                                       |
+---------------------------------------+
:git

ssh

vim

curl

[H[2J[3J+--------[ debian setup script ]--------+
|                                       |
|         [ apt package groups ]        |
|                                       |
|       1. [x] core                     |
|       2. [ ] networking               |
|       3. [ ] c dev                    |
|       4. [ ] c xtras                  |
|       5. [ ] neovim dependecies       |
|       6. [ ] haskell dependecies      |
|       7. [ ] additional languages     |
|       8. [ ] full                     |
|       9. [ ] all                      |
|                                       |
|          [?] package info             |
|          [i] install                  |
|          [u] uninstall                |
|          [b] back                     |
|          [q] quit                     |
|                                       |
+---------------------------------------+
:[H[2J[3J[H[2J[3J+--------[ debian setup script ]--------+
|                                       |
|            [ components ]             |
|                                       |
|          [1] apt packages             |
|          [2] rust                     |
|          [3] haskell                  |
|          [4] neovim                   |
|          [5] git repos                |
|          [6] docs                     |
|          [7] stow symlinks            |
|          [8] complete                 |
|                                       |
|          [q] quit                     |
|                                       |
+---------------------------------------+
:[H[2J[3J+--------[ debian setup script ]--------+
|                                       |
|         [ apt package groups ]        |
|                                       |
|       1. [ ] core                     |
|       2. [ ] networking               |
|       3. [ ] c dev                    |
|       4. [ ] c xtras                  |
|       5. [ ] neovim dependecies       |
|       6. [ ] haskell dependecies      |
|       7. [ ] additional languages     |
|       8. [ ] full                     |
|       9. [ ] all                      |
|                                       |
|          [?] package info             |
|          [i] install                  |
|          [u] uninstall                |
|          [b] back                     |
|          [q] quit                     |
|                                       |
+---------------------------------------+
:[H[2J[3J+--------[ debian setup script ]--------+
|                                       |
|         [ apt package groups ]        |
|                                       |
|       1. [x] core                     |
|       2. [ ] networking               |
|       3. [ ] c dev                    |
|       4. [ ] c xtras                  |
|       5. [ ] neovim dependecies       |
|       6. [ ] haskell dependecies      |
|       7. [ ] additional languages     |
|       8. [ ] full                     |
|       9. [ ] all                      |
|                                       |
|          [?] package info             |
|          [i] install                  |
|          [u] uninstall                |
|          [b] back                     |
|          [q] quit                     |
|                                       |
+---------------------------------------+
:?
git

ssh

vim

curl

[H[2J[3J+--------[ debian setup script ]--------+
|                                       |
|         [ apt package groups ]        |
|                                       |
|       1. [x] core                     |
|       2. [ ] networking               |
|       3. [ ] c dev                    |
|       4. [ ] c xtras                  |
|       5. [ ] neovim dependecies       |
|       6. [ ] haskell dependecies      |
|       7. [ ] additional languages     |
|       8. [ ] full                     |
|       9. [ ] all                      |
|                                       |
|          [?] package info             |
|          [i] install                  |
|          [u] uninstall                |
|          [b] back                     |
|          [q] quit                     |
|                                       |
+---------------------------------------+
:[H[2J[3J[H[2J[3J+--------[ debian setup script ]--------+
|                                       |
|            [ components ]             |
|                                       |
|          [1] apt packages             |
|          [2] rust                     |
|          [3] haskell                  |
|          [4] neovim                   |
|          [5] git repos                |
|          [6] docs                     |
|          [7] stow symlinks            |
|          [8] complete                 |
|                                       |
|          [q] quit                     |
|                                       |
+---------------------------------------+
:[H[2J[3J+--------[ debian setup script ]--------+
|                                       |
|         [ apt package groups ]        |
|                                       |
|       1. [ ] core                     |
|       2. [ ] networking               |
|       3. [ ] c dev                    |
|       4. [ ] c xtras                  |
|       5. [ ] neovim dependecies       |
|       6. [ ] haskell dependecies      |
|       7. [ ] additional languages     |
|       8. [ ] full                     |
|       9. [ ] all                      |
|                                       |
|          [?] package info             |
|          [i] install                  |
|          [u] uninstall                |
|          [b] back                     |
|          [q] quit                     |
|                                       |
+---------------------------------------+
:[H[2J[3J+--------[ debian setup script ]--------+
|                                       |
|         [ apt package groups ]        |
|                                       |
|       1. [x] core                     |
|       2. [ ] networking               |
|       3. [ ] c dev                    |
|       4. [ ] c xtras                  |
|       5. [ ] neovim dependecies       |
|       6. [ ] haskell dependecies      |
|       7. [ ] additional languages     |
|       8. [ ] full                     |
|       9. [ ] all                      |
|                                       |
|          [?] package info             |
|          [i] install                  |
|          [u] uninstall                |
|          [b] back                     |
|          [q] quit                     |
|                                       |
+---------------------------------------+
:?
git

ssh

vim

curl

[H[2J[3J+--------[ debian setup script ]--------+
|                                       |
|         [ apt package groups ]        |
|                                       |
|       1. [x] core                     |
|       2. [ ] networking               |
|       3. [ ] c dev                    |
|       4. [ ] c xtras                  |
|       5. [ ] neovim dependecies       |
|       6. [ ] haskell dependecies      |
|       7. [ ] additional languages     |
|       8. [ ] full                     |
|       9. [ ] all                      |
|                                       |
|          [?] package info             |
|          [i] install                  |
|          [u] uninstall                |
|          [b] back                     |
|          [q] quit                     |
|                                       |
+---------------------------------------+
:[H[2J[3J+--------[ debian setup script ]--------+
|                                       |
|         [ apt package groups ]        |
|                                       |
|       1. [x] core                     |
|       2. [ ] networking               |
|       3. [ ] c dev                    |
|       4. [ ] c xtras                  |
|       5. [ ] neovim dependecies       |
|       6. [ ] haskell dependecies      |
|       7. [ ] additional languages     |
|       8. [ ] full                     |
|       9. [ ] all                      |
|                                       |
|          [?] package info             |
|          [i] install                  |
|          [u] uninstall                |
|          [b] back                     |
|          [q] quit                     |
|                                       |
+---------------------------------------+
[invalid selection]:[H[2J[3J[H[2J[3J+--------[ debian setup script ]--------+
|                                       |
|            [ components ]             |
|                                       |
|          [1] apt packages             |
|          [2] rust                     |
|          [3] haskell                  |
|          [4] neovim                   |
|          [5] git repos                |
|          [6] docs                     |
|          [7] stow symlinks            |
|          [8] complete                 |
|                                       |
|          [q] quit                     |
|                                       |
+---------------------------------------+
:[H[2J[3J+--------[ debian setup script ]--------+
|                                       |
|         [ apt package groups ]        |
|                                       |
|       1. [ ] core                     |
|       2. [ ] networking               |
|       3. [ ] c dev                    |
|       4. [ ] c xtras                  |
|       5. [ ] neovim dependecies       |
|       6. [ ] haskell dependecies      |
|       7. [ ] additional languages     |
|       8. [ ] full                     |
|       9. [ ] all                      |
|                                       |
|          [?] package info             |
|          [i] install                  |
|          [u] uninstall                |
|          [b] back                     |
|          [q] quit                     |
|                                       |
+---------------------------------------+
:[H[2J[3J+--------[ debian setup script ]--------+
|                                       |
|         [ apt package groups ]        |
|                                       |
|       1. [x] core                     |
|       2. [ ] networking               |
|       3. [ ] c dev                    |
|       4. [ ] c xtras                  |
|       5. [ ] neovim dependecies       |
|       6. [ ] haskell dependecies      |
|       7. [ ] additional languages     |
|       8. [ ] full                     |
|       9. [ ] all                      |
|                                       |
|          [?] package info             |
|          [i] install                  |
|          [u] uninstall                |
|          [b] back                     |
|          [q] quit                     |
|                                       |
+---------------------------------------+
:unique pacakges
git

ssh

vim

curl

[H[2J[3J+--------[ debian setup script ]--------+
|                                       |
|         [ apt package groups ]        |
|                                       |
|       1. [x] core                     |
|       2. [ ] networking               |
|       3. [ ] c dev                    |
|       4. [ ] c xtras                  |
|       5. [ ] neovim dependecies       |
|       6. [ ] haskell dependecies      |
|       7. [ ] additional languages     |
|       8. [ ] full                     |
|       9. [ ] all                      |
|                                       |
|          [?] package info             |
|          [i] install                  |
|          [u] uninstall                |
|          [b] back                     |
|          [q] quit                     |
|                                       |
+---------------------------------------+
:[H[2J[3J[H[2J[3J+--------[ debian setup script ]--------+
|                                       |
|            [ components ]             |
|                                       |
|          [1] apt packages             |
|          [2] rust                     |
|          [3] haskell                  |
|          [4] neovim                   |
|          [5] git repos                |
|          [6] docs                     |
|          [7] stow symlinks            |
|          [8] complete                 |
|                                       |
|          [q] quit                     |
|                                       |
+---------------------------------------+
:[H[2J[3J+--------[ debian setup script ]--------+
|                                       |
|         [ apt package groups ]        |
|                                       |
|       1. [ ] core                     |
|       2. [ ] networking               |
|       3. [ ] c dev                    |
|       4. [ ] c xtras                  |
|       5. [ ] neovim dependecies       |
|       6. [ ] haskell dependecies      |
|       7. [ ] additional languages     |
|       8. [ ] full                     |
|       9. [ ] all                      |
|                                       |
|          [?] package info             |
|          [i] install                  |
|          [u] uninstall                |
|          [b] back                     |
|          [q] quit                     |
|                                       |
+---------------------------------------+
:[H[2J[3J+--------[ debian setup script ]--------+
|                                       |
|         [ apt package groups ]        |
|                                       |
|       1. [x] core                     |
|       2. [ ] networking               |
|       3. [ ] c dev                    |
|       4. [ ] c xtras                  |
|       5. [ ] neovim dependecies       |
|       6. [ ] haskell dependecies      |
|       7. [ ] additional languages     |
|       8. [ ] full                     |
|       9. [ ] all                      |
|                                       |
|          [?] package info             |
|          [i] install                  |
|          [u] uninstall                |
|          [b] back                     |
|          [q] quit                     |
|                                       |
+---------------------------------------+
:unique pacakges
git

ssh

vim

curl

[H[2J[3J+--------[ debian setup script ]--------+
|                                       |
|         [ apt package groups ]        |
|                                       |
|       1. [x] core                     |
|       2. [ ] networking               |
|       3. [ ] c dev                    |
|       4. [ ] c xtras                  |
|       5. [ ] neovim dependecies       |
|       6. [ ] haskell dependecies      |
|       7. [ ] additional languages     |
|       8. [ ] full                     |
|       9. [ ] all                      |
|                                       |
|          [?] package info             |
|          [i] install                  |
|          [u] uninstall                |
|          [b] back                     |
|          [q] quit                     |
|                                       |
+---------------------------------------+
:[H[2J[3J+--------[ debian setup script ]--------+
|                                       |
|         [ apt package groups ]        |
|                                       |
|       1. [x] core                     |
|       2. [ ] networking               |
|       3. [ ] c dev                    |
|       4. [ ] c xtras                  |
|       5. [ ] neovim dependecies       |
|       6. [ ] haskell dependecies      |
|       7. [ ] additional languages     |
|       8. [ ] full                     |
|       9. [ ] all                      |
|                                       |
|          [?] package info             |
|          [i] install                  |
|          [u] uninstall                |
|          [b] back                     |
|          [q] quit                     |
|                                       |
+---------------------------------------+
[invalid selection]:[H[2J[3J[H[2J[3J+--------[ debian setup script ]--------+
|                                       |
|            [ components ]             |
|                                       |
|          [1] apt packages             |
|          [2] rust                     |
|          [3] haskell                  |
|          [4] neovim                   |
|          [5] git repos                |
|          [6] docs                     |
|          [7] stow symlinks            |
|          [8] complete                 |
|                                       |
|          [q] quit                     |
|                                       |
+---------------------------------------+
:[H[2J[3J+--------[ debian setup script ]--------+
|                                       |
|         [ apt package groups ]        |
|                                       |
|       1. [ ] core                     |
|       2. [ ] networking               |
|       3. [ ] c dev                    |
|       4. [ ] c xtras                  |
|       5. [ ] neovim dependecies       |
|       6. [ ] haskell dependecies      |
|       7. [ ] additional languages     |
|       8. [ ] full                     |
|       9. [ ] all                      |
|                                       |
|          [?] package info             |
|          [i] install                  |
|          [u] uninstall                |
|          [b] back                     |
|          [q] quit                     |
|                                       |
+---------------------------------------+
:[H[2J[3J+--------[ debian setup script ]--------+
|                                       |
|         [ apt package groups ]        |
|                                       |
|       1. [x] core                     |
|       2. [ ] networking               |
|       3. [ ] c dev                    |
|       4. [ ] c xtras                  |
|       5. [ ] neovim dependecies       |
|       6. [ ] haskell dependecies      |
|       7. [ ] additional languages     |
|       8. [ ] full                     |
|       9. [ ] all                      |
|                                       |
|          [?] package info             |
|          [i] install                  |
|          [u] uninstall                |
|          [b] back                     |
|          [q] quit                     |
|                                       |
+---------------------------------------+
:unique pacakges
Git

Ssh

Vim

Curl

[H[2J[3J+--------[ debian setup script ]--------+
|                                       |
|         [ apt package groups ]        |
|                                       |
|       1. [x] core                     |
|       2. [ ] networking               |
|       3. [ ] c dev                    |
|       4. [ ] c xtras                  |
|       5. [ ] neovim dependecies       |
|       6. [ ] haskell dependecies      |
|       7. [ ] additional languages     |
|       8. [ ] full                     |
|       9. [ ] all                      |
|                                       |
|          [?] package info             |
|          [i] install                  |
|          [u] uninstall                |
|          [b] back                     |
|          [q] quit                     |
|                                       |
+---------------------------------------+
:[H[2J[3J[H[2J[3J+--------[ debian setup script ]--------+
|                                       |
|            [ components ]             |
|                                       |
|          [1] apt packages             |
|          [2] rust                     |
|          [3] haskell                  |
|          [4] neovim                   |
|          [5] git repos                |
|          [6] docs                     |
|          [7] stow symlinks            |
|          [8] complete                 |
|                                       |
|          [q] quit                     |
|                                       |
+---------------------------------------+
:[H[2J[3J+--------[ debian setup script ]--------+
|                                       |
|         [ apt package groups ]        |
|                                       |
|       1. [ ] core                     |
|       2. [ ] networking               |
|       3. [ ] c dev                    |
|       4. [ ] c xtras                  |
|       5. [ ] neovim dependecies       |
|       6. [ ] haskell dependecies      |
|       7. [ ] additional languages     |
|       8. [ ] full                     |
|       9. [ ] all                      |
|                                       |
|          [?] package info             |
|          [i] install                  |
|          [u] uninstall                |
|          [b] back                     |
|          [q] quit                     |
|                                       |
+---------------------------------------+
:[H[2J[3J+--------[ debian setup script ]--------+
|                                       |
|         [ apt package groups ]        |
|                                       |
|       1. [x] core                     |
|       2. [ ] networking               |
|       3. [ ] c dev                    |
|       4. [ ] c xtras                  |
|       5. [ ] neovim dependecies       |
|       6. [ ] haskell dependecies      |
|       7. [ ] additional languages     |
|       8. [ ] full                     |
|       9. [ ] all                      |
|                                       |
|          [?] package info             |
|          [i] install                  |
|          [u] uninstall                |
|          [b] back                     |
|          [q] quit                     |
|                                       |
+---------------------------------------+
:unique pacakges
GIT

SSH

VIM

CURL

[H[2J[3J+--------[ debian setup script ]--------+
|                                       |
|         [ apt package groups ]        |
|                                       |
|       1. [x] core                     |
|       2. [ ] networking               |
|       3. [ ] c dev                    |
|       4. [ ] c xtras                  |
|       5. [ ] neovim dependecies       |
|       6. [ ] haskell dependecies      |
|       7. [ ] additional languages     |
|       8. [ ] full                     |
|       9. [ ] all                      |
|                                       |
|          [?] package info             |
|          [i] install                  |
|          [u] uninstall                |
|          [b] back                     |
|          [q] quit                     |
|                                       |
+---------------------------------------+
:[H[2J[3J[H[2J[3J+--------[ debian setup script ]--------+
|                                       |
|            [ components ]             |
|                                       |
|          [1] apt packages             |
|          [2] rust                     |
|          [3] haskell                  |
|          [4] neovim                   |
|          [5] git repos                |
|          [6] docs                     |
|          [7] stow symlinks            |
|          [8] complete                 |
|                                       |
|          [q] quit                     |
|                                       |
+---------------------------------------+
:[H[2J[3J[H[2J[3J+--------[ debian setup script ]--------+
|                                       |
|               [ rust ]                |
|                                       |
|             1. [ ] rust               |
|             2. [ ] crates             |
|                                       |
|              [i] install              |
|              [u] uninstall            |
|              [b] back                 |
|              [q] quit                 |
|                                       |
+---------------------------------------+
:[H[2J[3J[H[2J[3J+--------[ debian setup script ]--------+
|                                       |
|               [ rust ]                |
|                                       |
|             1. [x] rust               |
|             2. [ ] crates             |
|                                       |
|              [i] install              |
|              [u] uninstall            |
|              [b] back                 |
|              [q] quit                 |
|                                       |
+---------------------------------------+
:[H[2J[3J[H[2J[3J+--------[ debian setup script ]--------+
|                                       |
|               [ rust ]                |
|                                       |
|             1. [x] rust               |
|             2. [x] crates             |
|                                       |
|              [i] install              |
|              [u] uninstall            |
|              [b] back                 |
|              [q] quit                 |
|                                       |
+---------------------------------------+
:[H[2J[3J[H[2J[3J+--------[ debian setup script ]--------+
|                                       |
|               [ rust ]                |
|                                       |
|             1. [ ] rust               |
|             2. [x] crates             |
|                                       |
|              [i] install              |
|              [u] uninstall            |
|              [b] back                 |
|              [q] quit                 |
|                                       |
+---------------------------------------+
:
[ installing crates... ]
installing eza...
    Updating crates.io index
     Ignored package `eza v0.23.4` is already installed, use --force to override
installing bat...
    Updating crates.io index
     Ignored package `bat v0.26.1` is already installed, use --force to override
installing tealdeer...
    Updating crates.io index
 Downloading crates ...
  Downloaded tealdeer v1.8.1
  Installing tealdeer v1.8.1
    Updating crates.io index
     Locking 136 packages to latest compatible versions
      Adding toml v0.8.23 (available: v0.9.11+spec-1.1.0)
      Adding zip v5.1.1 (available: v7.4.0)
 Downloading crates ...
  Downloaded zopfli v0.8.3
  Downloaded proc-macro2 v1.0.106
  Downloaded xdg v2.5.2
  Downloaded toml_datetime v0.6.11
  Downloaded utf-8 v0.7.6
  Downloaded socks v0.3.4
  Downloaded openssl-probe v0.2.1
  Downloaded subtle v2.6.1
  Downloaded pager v0.16.1
  Downloaded toml_write v0.1.2
  Downloaded untrusted v0.9.0
  Downloaded errno v0.2.8
  Downloaded serde_spanned v0.6.9
  Downloaded byteorder v1.5.0
  Downloaded rustls-native-certs v0.8.3
  Downloaded getrandom v0.2.17
  Downloaded app_dirs2 v2.5.5
  Downloaded find-msvc-tools v0.1.9
  Downloaded unicode-ident v1.0.23
  Downloaded clap_derive v4.5.55
  Downloaded rustls-platform-verifier v0.6.2
  Downloaded toml v0.8.23
  Downloaded httparse v1.10.1
  Downloaded rustls-pki-types v1.14.0
  Downloaded bytes v1.11.1
  Downloaded anyhow v1.0.101
  Downloaded quote v1.0.44
  Downloaded toml_edit v0.22.27
  Downloaded ureq-proto v0.5.3
  Downloaded yansi v1.0.1
  Downloaded rustls-webpki v0.103.9
  Downloaded flate2 v1.1.9
  Downloaded memchr v2.8.0
  Downloaded clap v4.5.57
  Downloaded http v1.4.0
  Downloaded cc v1.2.55
  Downloaded bumpalo v3.19.1
  Downloaded ureq v3.2.0
  Downloaded zip v5.1.1
  Downloaded webpki-roots v1.0.6
  Downloaded clap_builder v4.5.57
  Downloaded zlib-rs v0.6.0
  Downloaded rustls v0.23.36
  Downloaded libc v0.2.181
  Downloaded ring v0.17.14
   Compiling libc v0.2.181
   Compiling cfg-if v1.0.4
   Compiling shlex v1.3.0
   Compiling find-msvc-tools v0.1.9
   Compiling zeroize v1.8.2
   Compiling proc-macro2 v1.0.106
   Compiling serde_core v1.0.228
   Compiling crc32fast v1.5.0
   Compiling log v0.4.29
   Compiling quote v1.0.44
   Compiling unicode-ident v1.0.23
   Compiling serde v1.0.228
   Compiling simd-adler32 v0.3.8
   Compiling untrusted v0.9.0
   Compiling rustix v1.1.3
   Compiling adler2 v2.0.1
   Compiling linux-raw-sys v0.11.0
   Compiling equivalent v1.0.2
   Compiling rustls-pki-types v1.14.0
   Compiling hashbrown v0.16.1
   Compiling cc v1.2.55
   Compiling bitflags v2.10.0
   Compiling utf8parse v0.2.2
   Compiling httparse v1.10.1
   Compiling rustls v0.23.36
   Compiling anstyle-parse v0.2.7
   Compiling miniz_oxide v0.8.9
   Compiling anstyle-query v1.1.5
   Compiling zlib-rs v0.6.0
   Compiling openssl-probe v0.2.1
   Compiling bytes v1.11.1
   Compiling itoa v1.0.17
   Compiling is_terminal_polyfill v1.70.2
   Compiling subtle v2.6.1
   Compiling colorchoice v1.0.4
   Compiling once_cell v1.21.3
   Compiling anstyle v1.0.13
   Compiling rustls-native-certs v0.8.3
   Compiling byteorder v1.5.0
   Compiling bumpalo v3.19.1
   Compiling winnow v0.7.14
   Compiling anstream v0.6.21
   Compiling clap_lex v0.7.7
   Compiling anyhow v1.0.101
   Compiling base64 v0.22.1
   Compiling heck v0.5.0
   Compiling indexmap v2.13.0
   Compiling toml_write v0.1.2
   Compiling zopfli v0.8.3
   Compiling http v1.4.0
   Compiling syn v2.0.114
   Compiling webpki-roots v1.0.6
   Compiling memchr v2.8.0
   Compiling xdg v2.5.2
   Compiling utf-8 v0.7.6
   Compiling percent-encoding v2.3.2
   Compiling yansi v1.0.1
   Compiling terminal_size v0.4.3
   Compiling app_dirs2 v2.5.5
   Compiling getrandom v0.2.17
   Compiling clap_builder v4.5.57
   Compiling errno v0.2.8
   Compiling ring v0.17.14
   Compiling socks v0.3.4
   Compiling pager v0.16.1
   Compiling ureq-proto v0.5.3
   Compiling flate2 v1.1.9
   Compiling zip v5.1.1
   Compiling toml_datetime v0.6.11
   Compiling serde_spanned v0.6.9
   Compiling toml_edit v0.22.27
   Compiling clap_derive v4.5.55
   Compiling serde_derive v1.0.228
   Compiling clap v4.5.57
   Compiling toml v0.8.23
   Compiling rustls-webpki v0.103.9
   Compiling rustls-platform-verifier v0.6.2
   Compiling ureq v3.2.0
   Compiling tealdeer v1.8.1
    Finished `release` profile [optimized] target(s) in 36.91s
  Installing /home/s/.cargo/bin/tldr
   Installed package `tealdeer v1.8.1` (executable `tldr`)
installing ripgrep...
    Updating crates.io index
     Ignored package `ripgrep v15.1.0` is already installed, use --force to override
installing --locked tree-sitter-cli...
    Updating crates.io index
     Ignored package `tree-sitter-cli v0.26.5` is already installed, use --force to override
[ crates installed ]

[H[2J[3J[H[2J[3J+--------[ debian setup script ]--------+
|                                       |
|               [ rust ]                |
|                                       |
|             1. [ ] rust               |
|             2. [x] crates             |
|                                       |
|              [i] install              |
|              [u] uninstall            |
|              [b] back                 |
|              [q] quit                 |
|                                       |
+---------------------------------------+
:[H[2J[3J[H[2J[3J+--------[ debian setup script ]--------+
|                                       |
|            [ components ]             |
|                                       |
|          [1] apt packages             |
|          [2] rust                     |
|          [3] haskell                  |
|          [4] neovim                   |
|          [5] git repos                |
|          [6] docs                     |
|          [7] stow symlinks            |
|          [8] complete                 |
|                                       |
|          [q] quit                     |
|                                       |
+---------------------------------------+
:[H[2J[3J+--------[ debian setup script ]--------+
|                                       |
|         [ apt package groups ]        |
|                                       |
|       1. [ ] core                     |
|       2. [ ] networking               |
|       3. [ ] c dev                    |
|       4. [ ] c xtras                  |
|       5. [ ] neovim dependecies       |
|       6. [ ] haskell dependecies      |
|       7. [ ] additional languages     |
|       8. [ ] full                     |
|       9. [ ] all                      |
|                                       |
|          [?] package info             |
|          [i] install                  |
|          [u] uninstall                |
|          [b] back                     |
|          [q] quit                     |
|                                       |
+---------------------------------------+
:[H[2J[3J+--------[ debian setup script ]--------+
|                                       |
|         [ apt package groups ]        |
|                                       |
|       1. [ ] core                     |
|       2. [ ] networking               |
|       3. [ ] c dev                    |
|       4. [ ] c xtras                  |
|       5. [x] neovim dependecies       |
|       6. [ ] haskell dependecies      |
|       7. [ ] additional languages     |
|       8. [ ] full                     |
|       9. [ ] all                      |
|                                       |
|          [?] package info             |
|          [i] install                  |
|          [u] uninstall                |
|          [b] back                     |
|          [q] quit                     |
|                                       |
+---------------------------------------+
:+-[ NEOVIM DEPENDENCIES ]---------------+
| neovim dependencies                   |
| https://neovim.io/doc/build           |
+---------------------------------------+
| includes...                           |
|                                       |
|   - [ build-essential ] c build tools |
|                                       |
|   - [ cmake ] c build system          |
|                                       |
|   - [ curl ] url commands             |
|                                       |
|   - [ gettext ] text manipulation     |
|                                       |
|   - [ git ] version control           |
|                                       |
|   - [ liblua5.1-0-dev ] plugin dep    |
|                                       |
|   - [ ninja-build ] build system      |
|                                       |
+---------------------------------------+

[ press any key to continue ] > [H[2J[3J+--------[ debian setup script ]--------+
|                                       |
|         [ apt package groups ]        |
|                                       |
|       1. [ ] core                     |
|       2. [ ] networking               |
|       3. [ ] c dev                    |
|       4. [ ] c xtras                  |
|       5. [x] neovim dependecies       |
|       6. [ ] haskell dependecies      |
|       7. [ ] additional languages     |
|       8. [ ] full                     |
|       9. [ ] all                      |
|                                       |
|          [?] package info             |
|          [i] install                  |
|          [u] uninstall                |
|          [b] back                     |
|          [q] quit                     |
|                                       |
+---------------------------------------+
: